phase,signature,dataset,model_type,width_factor,depth,poison_ratio,poison_type,alpha,data_ordering,aggregator,batch_size,mean_test_acc,std_test_acc,mean_test_loss,std_test_loss,mean_val_acc,std_val_acc,mean_val_loss,std_val_loss,num_parameters,best_epoch,seed
exp1_vary_width,cifar10|cnn|64|64|0.0|label_flip|100.0|shuffle|fedavg|128|42,cifar10,cnn,64,64,0.0,label_flip,100.0,shuffle,fedavg,128,0.1,0.0,2.3071411060333253,0.0,0.1064,0.0,2.307625131607056,0.0,2337098,0,42
exp1_vary_width,mnist|cnn|1|16|0.0|label_flip|100.0|shuffle|fedavg|128|42,mnist,cnn,1,16,0.0,label_flip,100.0,shuffle,fedavg,128,0.1135,0.0,2.3010226013183592,0.0,0.111,0.0,2.302712273279826,0.0,212,2,42
exp1_vary_width,cifar10|cnn|64|64|0.0|random_noise|100.0|shuffle|fedavg|128|42,cifar10,cnn,64,64,0.0,random_noise,100.0,shuffle,fedavg,128,0.1,0.0,2.3071411060333253,0.0,0.1064,0.0,2.307625131607056,0.0,2337098,0,42
exp1_vary_width,mnist|cnn|1|16|0.0|random_noise|100.0|shuffle|fedavg|128|42,mnist,cnn,1,16,0.0,random_noise,100.0,shuffle,fedavg,128,0.1135,0.0,2.3010130867004395,0.0,0.111,0.0,2.302577101389567,0.0,212,2,42
exp1_vary_width,cifar10|cnn|64|64|0.25|label_flip|100.0|shuffle|fedavg|128|42,cifar10,cnn,64,64,0.25,label_flip,100.0,shuffle,fedavg,128,0.1,0.0,2.3071507583618165,0.0,0.1064,0.0,2.307634772491455,0.0,2337098,0,42
exp1_vary_width,mnist|cnn|1|16|0.25|label_flip|100.0|shuffle|fedavg|128|42,mnist,cnn,1,16,0.25,label_flip,100.0,shuffle,fedavg,128,0.1135,0.0,2.301382656097412,0.0,0.111,0.0,2.3015887743632,0.0,212,3,42
exp1_vary_width,cifar10|cnn|64|64|0.25|random_noise|100.0|shuffle|fedavg|128|42,cifar10,cnn,64,64,0.25,random_noise,100.0,shuffle,fedavg,128,0.1,0.0,2.3071379150390623,0.0,0.1064,0.0,2.307620097732544,0.0,2337098,0,42
exp1_vary_width,mnist|cnn|1|16|0.25|random_noise|100.0|shuffle|fedavg|128|42,mnist,cnn,1,16,0.25,random_noise,100.0,shuffle,fedavg,128,0.1135,0.0,2.301215554046631,0.0,0.111,0.0,2.302940718968709,0.0,212,2,42
exp1_vary_width,cifar10|cnn|64|64|0.5|label_flip|100.0|shuffle|fedavg|128|42,cifar10,cnn,64,64,0.5,label_flip,100.0,shuffle,fedavg,128,0.1,0.0,2.307147017288208,0.0,0.1064,0.0,2.307630696487427,0.0,2337098,0,42
exp1_vary_width,mnist|cnn|1|16|0.5|label_flip|100.0|shuffle|fedavg|128|42,mnist,cnn,1,16,0.5,label_flip,100.0,shuffle,fedavg,128,0.1135,0.0,2.3016975070953367,0.0,0.111,0.0,2.3017598711649576,0.0,212,4,42
exp1_vary_width,cifar10|cnn|64|64|0.5|random_noise|100.0|shuffle|fedavg|128|42,cifar10,cnn,64,64,0.5,random_noise,100.0,shuffle,fedavg,128,0.1,0.0,2.307141696166992,0.0,0.1064,0.0,2.3076247703552246,0.0,2337098,0,42
exp1_vary_width,mnist|cnn|1|16|0.5|random_noise|100.0|shuffle|fedavg|128|42,mnist,cnn,1,16,0.5,random_noise,100.0,shuffle,fedavg,128,0.1135,0.0,2.3015925106048583,0.0,0.111,0.0,2.3032199204762778,0.0,212,2,42
exp1_vary_width,cifar10|cnn|64|64|0.75|label_flip|100.0|shuffle|fedavg|128|42,cifar10,cnn,64,64,0.75,label_flip,100.0,shuffle,fedavg,128,0.1,0.0,2.3071462142944337,0.0,0.1064,0.0,2.307627682876587,0.0,2337098,0,42
exp1_vary_width,mnist|cnn|1|16|0.75|label_flip|100.0|shuffle|fedavg|128|42,mnist,cnn,1,16,0.75,label_flip,100.0,shuffle,fedavg,128,0.0974,0.0,2.302429052352905,0.0,0.0995,0.0,2.3440293623606365,0.0,212,0,42
exp1_vary_width,cifar10|cnn|64|64|0.75|random_noise|100.0|shuffle|fedavg|128|42,cifar10,cnn,64,64,0.75,random_noise,100.0,shuffle,fedavg,128,0.1,0.0,2.3071400955200194,0.0,0.1064,0.0,2.307623532104492,0.0,2337098,0,42
exp1_vary_width,mnist|cnn|1|16|0.75|random_noise|100.0|shuffle|fedavg|128|42,mnist,cnn,1,16,0.75,random_noise,100.0,shuffle,fedavg,128,0.1135,0.0,2.3020980587005617,0.0,0.111,0.0,2.3022118740081785,0.0,212,4,42
exp1_vary_width,cifar10|cnn|64|64|1.0|label_flip|100.0|shuffle|fedavg|128|42,cifar10,cnn,64,64,1.0,label_flip,100.0,shuffle,fedavg,128,0.1,0.0,2.307140040588379,0.0,0.1064,0.0,2.3076221645355224,0.0,2337098,0,42
exp1_vary_width,mnist|cnn|1|16|1.0|label_flip|100.0|shuffle|fedavg|128|42,mnist,cnn,1,16,1.0,label_flip,100.0,shuffle,fedavg,128,0.0974,0.0,2.304159928894043,0.0,0.0995,0.0,2.343854507446289,0.0,212,0,42
exp1_vary_width,cifar10|cnn|64|64|1.0|random_noise|100.0|shuffle|fedavg|128|42,cifar10,cnn,64,64,1.0,random_noise,100.0,shuffle,fedavg,128,0.1,0.0,2.307144197463989,0.0,0.1066,0.0,2.329380826568604,0.0,2337098,5,42
exp1_vary_width,mnist|cnn|1|16|1.0|random_noise|100.0|shuffle|fedavg|128|42,mnist,cnn,1,16,1.0,random_noise,100.0,shuffle,fedavg,128,0.1032,0.0,2.3028953536987307,0.0,0.0995,0.0,2.33919433148702,0.0,212,0,42
exp1_vary_width,mnist|cnn|64|64|0.0|label_flip|100.0|shuffle|fedavg|128|42,mnist,cnn,64,64,0.0,label_flip,100.0,shuffle,fedavg,128,0.1135,0.0,2.303609023284912,0.0,0.111,0.0,2.303368645985921,0.0,2335946,0,42
exp1_vary_width,mnist|cnn|64|64|0.0|random_noise|100.0|shuffle|fedavg|128|42,mnist,cnn,64,64,0.0,random_noise,100.0,shuffle,fedavg,128,0.1135,0.0,2.303609023284912,0.0,0.111,0.0,2.303368645985921,0.0,2335946,0,42
exp1_vary_width,cifar10|cnn|1|16|0.0|label_flip|100.0|shuffle|fedavg|128|42,cifar10,cnn,1,16,0.0,label_flip,100.0,shuffle,fedavg,128,0.1215,0.0,2.299485395050049,0.0,0.1152,0.0,2.299491191482544,0.0,230,7,42
exp1_vary_width,mnist|cnn|64|64|0.25|label_flip|100.0|shuffle|fedavg|128|42,mnist,cnn,64,64,0.25,label_flip,100.0,shuffle,fedavg,128,0.1135,0.0,2.3036091762542723,0.0,0.111,0.0,2.303368902842204,0.0,2335946,0,42
exp1_vary_width,mnist|cnn|64|64|0.25|random_noise|100.0|shuffle|fedavg|128|42,mnist,cnn,64,64,0.25,random_noise,100.0,shuffle,fedavg,128,0.1135,0.0,2.30360869102478,0.0,0.111,0.0,2.303368668238322,0.0,2335946,0,42
exp1_vary_width,cifar10|cnn|1|16|0.0|random_noise|100.0|shuffle|fedavg|128|42,cifar10,cnn,1,16,0.0,random_noise,100.0,shuffle,fedavg,128,0.1181,0.0,2.298558256149292,0.0,0.113,0.0,2.3004331634521487,0.0,230,17,42
exp1_vary_width,mnist|cnn|64|64|0.5|label_flip|100.0|shuffle|fedavg|128|42,mnist,cnn,64,64,0.5,label_flip,100.0,shuffle,fedavg,128,0.1135,0.0,2.303601706314087,0.0,0.111,0.0,2.303360530853272,0.0,2335946,0,42
exp1_vary_width,mnist|cnn|64|64|0.5|random_noise|100.0|shuffle|fedavg|128|42,mnist,cnn,64,64,0.5,random_noise,100.0,shuffle,fedavg,128,0.1135,0.0,2.3036074005126954,0.0,0.111,0.0,2.3033654219309487,0.0,2335946,0,42
exp1_vary_width,mnist|cnn|64|64|0.75|label_flip|100.0|shuffle|fedavg|128|42,mnist,cnn,64,64,0.75,label_flip,100.0,shuffle,fedavg,128,0.1135,0.0,2.303604238510132,0.0,0.111,0.0,2.303364700953165,0.0,2335946,0,42
exp1_vary_width,mnist|cnn|64|64|0.75|random_noise|100.0|shuffle|fedavg|128|42,mnist,cnn,64,64,0.75,random_noise,100.0,shuffle,fedavg,128,0.1135,0.0,2.303608027648926,0.0,0.111,0.0,2.30336740620931,0.0,2335946,0,42
exp1_vary_width,mnist|cnn|64|64|1.0|label_flip|100.0|shuffle|fedavg|128|42,mnist,cnn,64,64,1.0,label_flip,100.0,shuffle,fedavg,128,0.1135,0.0,2.3036007328033445,0.0,0.111,0.0,2.303362052281697,0.0,2335946,0,42
exp1_vary_width,mnist|cnn|64|64|1.0|random_noise|100.0|shuffle|fedavg|128|42,mnist,cnn,64,64,1.0,random_noise,100.0,shuffle,fedavg,128,0.1135,0.0,2.303610450363159,0.0,0.111,0.0,2.303369303385417,0.0,2335946,0,42
exp1_vary_width,cifar10|cnn|1|16|0.25|label_flip|100.0|shuffle|fedavg|128|42,cifar10,cnn,1,16,0.25,label_flip,100.0,shuffle,fedavg,128,0.1691,0.0,2.1627984760284424,0.0,0.1724,0.0,2.171439080429077,0.0,230,67,42
exp1_vary_width,cifar10|cnn|64|1|0.0|label_flip|100.0|shuffle|fedavg|128|42,cifar10,cnn,64,1,0.0,label_flip,100.0,shuffle,fedavg,128,0.5917,0.0,1.1764859245300292,0.0,0.5894,0.0,1.196036349105835,0.0,657290,113,42
exp1_vary_width,cifar10|cnn|64|1|0.0|random_noise|100.0|shuffle|fedavg|128|42,cifar10,cnn,64,1,0.0,random_noise,100.0,shuffle,fedavg,128,0.5917,0.0,1.1764859245300292,0.0,0.5894,0.0,1.196036349105835,0.0,657290,113,42
exp1_vary_width,cifar10|cnn|64|1|0.25|label_flip|100.0|shuffle|fedavg|128|42,cifar10,cnn,64,1,0.25,label_flip,100.0,shuffle,fedavg,128,0.5742,0.0,1.2545380138397215,0.0,0.5722,0.0,1.2728762607574462,0.0,657290,118,42
exp1_vary_width,cifar10|cnn|64|1|0.25|random_noise|100.0|shuffle|fedavg|128|42,cifar10,cnn,64,1,0.25,random_noise,100.0,shuffle,fedavg,128,0.5701,0.0,1.261341858100891,0.0,0.564,0.0,1.2875442749023438,0.0,657290,104,42
exp1_vary_width,cifar10|cnn|64|1|0.5|label_flip|100.0|shuffle|fedavg|128|42,cifar10,cnn,64,1,0.5,label_flip,100.0,shuffle,fedavg,128,0.4927,0.0,1.5935384897232057,0.0,0.4822,0.0,1.6173714824676513,0.0,657290,47,42
exp1_vary_width,cifar10|cnn|64|1|0.5|random_noise|100.0|shuffle|fedavg|128|42,cifar10,cnn,64,1,0.5,random_noise,100.0,shuffle,fedavg,128,0.4949,0.0,1.5709968397140504,0.0,0.501,0.0,1.5916685897827147,0.0,657290,80,42
exp1_vary_width,cifar10|cnn|64|1|0.75|label_flip|100.0|shuffle|fedavg|128|42,cifar10,cnn,64,1,0.75,label_flip,100.0,shuffle,fedavg,128,0.3917,0.0,1.86963837928772,0.0,0.3916,0.0,1.8930876733779909,0.0,657290,31,42
exp1_vary_width,cifar10|cnn|64|1|0.75|random_noise|100.0|shuffle|fedavg|128|42,cifar10,cnn,64,1,0.75,random_noise,100.0,shuffle,fedavg,128,0.3678,0.0,1.8811126623153689,0.0,0.3828,0.0,1.8996862922668456,0.0,657290,20,42
exp1_vary_width,cifar10|cnn|64|1|1.0|label_flip|100.0|shuffle|fedavg|128|42,cifar10,cnn,64,1,1.0,label_flip,100.0,shuffle,fedavg,128,0.1004,0.0,2.301999625015259,0.0,0.1148,0.0,2.3839101234436035,0.0,657290,5,42
exp1_vary_width,cifar10|cnn|64|1|1.0|random_noise|100.0|shuffle|fedavg|128|42,cifar10,cnn,64,1,1.0,random_noise,100.0,shuffle,fedavg,128,0.11,0.0,2.3123807914733887,0.0,0.1298,0.0,2.3438840389251707,0.0,657290,7,42
exp1_vary_width,cifar10|cnn|64|16|0.0|label_flip|100.0|shuffle|fedavg|128|42,cifar10,cnn,64,16,0.0,label_flip,100.0,shuffle,fedavg,128,0.608,0.0,1.1629411600112916,0.0,0.6164,0.0,1.151503982925415,0.0,558410,108,42
exp1_vary_width,cifar10|cnn|64|16|0.0|random_noise|100.0|shuffle|fedavg|128|42,cifar10,cnn,64,16,0.0,random_noise,100.0,shuffle,fedavg,128,0.608,0.0,1.1629411600112916,0.0,0.6164,0.0,1.151503982925415,0.0,558410,108,42
exp1_vary_width,cifar10|cnn|1|16|0.25|random_noise|100.0|shuffle|fedavg|128|42,cifar10,cnn,1,16,0.25,random_noise,100.0,shuffle,fedavg,128,0.2018,0.0,1.9748333305358887,0.0,0.204,0.0,1.9838870025634765,0.0,230,208,42
exp1_vary_width,cifar10|cnn|64|16|0.25|label_flip|100.0|shuffle|fedavg|128|42,cifar10,cnn,64,16,0.25,label_flip,100.0,shuffle,fedavg,128,0.5581,0.0,1.3678875198364258,0.0,0.5648,0.0,1.358078205871582,0.0,558410,89,42
exp1_vary_width,cifar10|cnn|1|16|0.5|label_flip|100.0|shuffle|fedavg|128|42,cifar10,cnn,1,16,0.5,label_flip,100.0,shuffle,fedavg,128,0.1076,0.0,2.302264059448242,0.0,0.1078,0.0,2.3038004833221435,0.0,230,12,42
exp1_vary_width,cifar10|cnn|1|16|0.5|random_noise|100.0|shuffle|fedavg|128|42,cifar10,cnn,1,16,0.5,random_noise,100.0,shuffle,fedavg,128,0.1077,0.0,2.301726349258423,0.0,0.1102,0.0,2.301230210494995,0.0,230,15,42
exp1_vary_width,cifar10|cnn|64|16|0.25|random_noise|100.0|shuffle|fedavg|128|42,cifar10,cnn,64,16,0.25,random_noise,100.0,shuffle,fedavg,128,0.5677,0.0,1.3156956495285037,0.0,0.5742,0.0,1.3078094219207763,0.0,558410,116,42
exp1_vary_width,cifar10|cnn|64|16|0.5|label_flip|100.0|shuffle|fedavg|128|42,cifar10,cnn,64,16,0.5,label_flip,100.0,shuffle,fedavg,128,0.3834,0.0,1.888413833618164,0.0,0.3922,0.0,1.886451156425476,0.0,558410,38,42
exp1_vary_width,cifar10|cnn|1|16|0.75|label_flip|100.0|shuffle|fedavg|128|42,cifar10,cnn,1,16,0.75,label_flip,100.0,shuffle,fedavg,128,0.0903,0.0,2.3024968627929687,0.0,0.1092,0.0,2.304070034408569,0.0,230,3,42
exp1_vary_width,cifar10|cnn|64|16|0.5|random_noise|100.0|shuffle|fedavg|128|42,cifar10,cnn,64,16,0.5,random_noise,100.0,shuffle,fedavg,128,0.3953,0.0,1.8797819591522216,0.0,0.392,0.0,1.8918886751174928,0.0,558410,44,42
exp1_vary_width,cifar10|cnn|1|16|0.75|random_noise|100.0|shuffle|fedavg|128|42,cifar10,cnn,1,16,0.75,random_noise,100.0,shuffle,fedavg,128,0.1029,0.0,2.302810241699219,0.0,0.11,0.0,2.302597269821167,0.0,230,12,42
exp1_vary_width,cifar10|cnn|64|16|0.75|label_flip|100.0|shuffle|fedavg|128|42,cifar10,cnn,64,16,0.75,label_flip,100.0,shuffle,fedavg,128,0.3028,0.0,2.073737409210205,0.0,0.3046,0.0,2.0784960887908936,0.0,558410,44,42
exp1_vary_width,cifar10|cnn|1|16|1.0|label_flip|100.0|shuffle|fedavg|128|42,cifar10,cnn,1,16,1.0,label_flip,100.0,shuffle,fedavg,128,0.11,0.0,2.3006982387542725,0.0,0.1152,0.0,2.301846125793457,0.0,230,12,42
exp1_vary_width,cifar10|cnn|1|16|1.0|random_noise|100.0|shuffle|fedavg|128|42,cifar10,cnn,1,16,1.0,random_noise,100.0,shuffle,fedavg,128,0.0864,0.0,2.302699979019165,0.0,0.1036,0.0,2.303932385253906,0.0,230,11,42
exp1_vary_width,cifar10|cnn|64|16|0.75|random_noise|100.0|shuffle|fedavg|128|42,cifar10,cnn,64,16,0.75,random_noise,100.0,shuffle,fedavg,128,0.2977,0.0,2.084350841522217,0.0,0.3034,0.0,2.0942314453125,0.0,558410,47,42
exp1_vary_width,cifar10|cnn|64|16|1.0|label_flip|100.0|shuffle|fedavg|128|42,cifar10,cnn,64,16,1.0,label_flip,100.0,shuffle,fedavg,128,0.1,0.0,2.3060482158660887,0.0,0.1048,0.0,2.340952603149414,0.0,558410,8,42
exp1_vary_width,cifar10|cnn|64|16|1.0|random_noise|100.0|shuffle|fedavg|128|42,cifar10,cnn,64,16,1.0,random_noise,100.0,shuffle,fedavg,128,0.1,0.0,2.3060484203338625,0.0,0.1054,0.0,2.343544151687622,0.0,558410,10,42
exp1_vary_width,mnist|cnn|64|16|0.0|label_flip|100.0|shuffle|fedavg|128|42,mnist,cnn,64,16,0.0,label_flip,100.0,shuffle,fedavg,128,0.9949,0.0,0.0255324488651007,0.0,0.9935,0.0,0.035517458046476,0.0,557258,48,42
exp1_vary_width,mnist|lr|1|1|0.0|label_flip|100.0|shuffle|fedavg|128|42,mnist,lr,1,1,0.0,label_flip,100.0,shuffle,fedavg,128,0.4104,0.0,1.5159196014404297,0.0,0.437,0.0,1.503154375076294,0.0,807,68,42
exp1_vary_width,mnist|cnn|64|16|0.0|random_noise|100.0|shuffle|fedavg|128|42,mnist,cnn,64,16,0.0,random_noise,100.0,shuffle,fedavg,128,0.9949,0.0,0.0255324488651007,0.0,0.9935,0.0,0.035517458046476,0.0,557258,48,42
exp1_vary_width,mnist|lr|1|1|0.0|random_noise|100.0|shuffle|fedavg|128|42,mnist,lr,1,1,0.0,random_noise,100.0,shuffle,fedavg,128,0.4172,0.0,1.525164616203308,0.0,0.4365,0.0,1.5026825669606527,0.0,807,69,42
exp1_vary_width,mnist|cnn|64|16|0.25|label_flip|100.0|shuffle|fedavg|128|42,mnist,cnn,64,16,0.25,label_flip,100.0,shuffle,fedavg,128,0.9935,0.0,0.0928405770659446,0.0,0.9931666666666666,0.0,0.1667396337985992,0.0,557258,49,42
exp1_vary_width,mnist|lr|1|1|0.25|label_flip|100.0|shuffle|fedavg|128|42,mnist,lr,1,1,0.25,label_flip,100.0,shuffle,fedavg,128,0.4142,0.0,1.6312209812164309,0.0,0.4236666666666667,0.0,1.632212457338969,0.0,807,58,42
exp1_vary_width,mnist|cnn|64|16|0.25|random_noise|100.0|shuffle|fedavg|128|42,mnist,cnn,64,16,0.25,random_noise,100.0,shuffle,fedavg,128,0.9946,0.0,0.0993422416687011,0.0,0.9933333333333332,0.0,0.1568557418584823,0.0,557258,55,42
exp1_vary_width,mnist|lr|1|1|0.25|random_noise|100.0|shuffle|fedavg|128|42,mnist,lr,1,1,0.25,random_noise,100.0,shuffle,fedavg,128,0.4119,0.0,1.6271949575424194,0.0,0.4201666666666667,0.0,1.6480252513885498,0.0,807,48,42
exp1_vary_width,mnist|lr|1|1|0.5|label_flip|100.0|shuffle|fedavg|128|42,mnist,lr,1,1,0.5,label_flip,100.0,shuffle,fedavg,128,0.1044,0.0,2.4452529407501222,0.0,0.114,0.0,2.490298038482666,0.0,807,0,42
exp1_vary_width,mnist|lr|1|1|0.5|random_noise|100.0|shuffle|fedavg|128|42,mnist,lr,1,1,0.5,random_noise,100.0,shuffle,fedavg,128,0.1177,0.0,2.469867516326904,0.0,0.1143333333333333,0.0,2.4809983228047687,0.0,807,0,42
exp1_vary_width,mnist|cnn|64|16|0.5|label_flip|100.0|shuffle|fedavg|128|42,mnist,cnn,64,16,0.5,label_flip,100.0,shuffle,fedavg,128,0.9675,0.0,0.6728239760398865,0.0,0.968,0.0,0.7157110199928284,0.0,557258,37,42
exp1_vary_width,mnist|lr|1|1|0.75|label_flip|100.0|shuffle|fedavg|128|42,mnist,lr,1,1,0.75,label_flip,100.0,shuffle,fedavg,128,0.0974,0.0,2.302126131439209,0.0,0.0995,0.0,2.583883852005005,0.0,807,0,42
exp1_vary_width,mnist|lr|1|1|0.75|random_noise|100.0|shuffle|fedavg|128|42,mnist,lr,1,1,0.75,random_noise,100.0,shuffle,fedavg,128,0.1135,0.0,2.3020180671691897,0.0,0.111,0.0,2.302593895594279,0.0,807,4,42
exp1_vary_width,mnist|lr|1|1|1.0|label_flip|100.0|shuffle|fedavg|128|42,mnist,lr,1,1,1.0,label_flip,100.0,shuffle,fedavg,128,0.0974,0.0,2.3040264778137205,0.0,0.0995,0.0,2.4185789381663003,0.0,807,0,42
exp1_vary_width,mnist|cnn|64|16|0.5|random_noise|100.0|shuffle|fedavg|128|42,mnist,cnn,64,16,0.5,random_noise,100.0,shuffle,fedavg,128,0.9601,0.0,0.7667661929130554,0.0,0.9715,0.0,1.0265618076324463,0.0,557258,35,42
exp1_vary_width,mnist|lr|1|1|1.0|random_noise|100.0|shuffle|fedavg|128|42,mnist,lr,1,1,1.0,random_noise,100.0,shuffle,fedavg,128,0.0982,0.0,2.3029131103515623,0.0,0.0995,0.0,2.462497858047485,0.0,807,0,42
exp1_vary_width,mnist|lr|1|4|0.0|label_flip|100.0|shuffle|fedavg|128|42,mnist,lr,1,4,0.0,label_flip,100.0,shuffle,fedavg,128,0.1135,0.0,2.301034833145142,0.0,0.111,0.0,2.3012167441050213,0.0,819,3,42
exp1_vary_width,mnist|cnn|64|16|0.75|label_flip|100.0|shuffle|fedavg|128|42,mnist,cnn,64,16,0.75,label_flip,100.0,shuffle,fedavg,128,0.8449,0.0,1.2610905420303344,0.0,0.8868333333333334,0.0,1.7193345413208008,0.0,557258,38,42
exp1_vary_width,mnist|lr|1|4|0.0|random_noise|100.0|shuffle|fedavg|128|42,mnist,lr,1,4,0.0,random_noise,100.0,shuffle,fedavg,128,0.1135,0.0,2.3010129085540774,0.0,0.111,0.0,2.3013025290171307,0.0,819,3,42
exp1_vary_width,mnist|lr|1|4|0.25|label_flip|100.0|shuffle|fedavg|128|42,mnist,lr,1,4,0.25,label_flip,100.0,shuffle,fedavg,128,0.1135,0.0,2.301308699417114,0.0,0.111,0.0,2.3010361938476565,0.0,819,5,42
exp1_vary_width,mnist|cnn|64|16|0.75|random_noise|100.0|shuffle|fedavg|128|42,mnist,cnn,64,16,0.75,random_noise,100.0,shuffle,fedavg,128,0.8988,0.0,1.3654890226364136,0.0,0.8885,0.0,1.3785117343266804,0.0,557258,25,42
exp1_vary_width,mnist|lr|1|4|0.25|random_noise|100.0|shuffle|fedavg|128|42,mnist,lr,1,4,0.25,random_noise,100.0,shuffle,fedavg,128,0.1135,0.0,2.301328294754028,0.0,0.1726666666666666,0.0,3.0929844360351564,0.0,819,0,42
exp1_vary_width,mnist|cnn|64|16|1.0|label_flip|100.0|shuffle|fedavg|128|42,mnist,cnn,64,16,1.0,label_flip,100.0,shuffle,fedavg,128,0.0892,0.0,2.3059746719360352,0.0,0.1046666666666666,0.0,2.3313170579274494,0.0,557258,9,42
exp1_vary_width,mnist|cnn|64|16|1.0|random_noise|100.0|shuffle|fedavg|128|42,mnist,cnn,64,16,1.0,random_noise,100.0,shuffle,fedavg,128,0.0892,0.0,2.305977383804321,0.0,0.1138333333333333,0.0,2.318899232228597,0.0,557258,7,42
exp1_vary_width,mnist|lr|1|4|0.5|label_flip|100.0|shuffle|fedavg|128|42,mnist,lr,1,4,0.5,label_flip,100.0,shuffle,fedavg,128,0.1135,0.0,2.301733681106567,0.0,0.111,0.0,2.3015915686289468,0.0,819,5,42
exp1_vary_width,mnist|lr|1|4|0.5|random_noise|100.0|shuffle|fedavg|128|42,mnist,lr,1,4,0.5,random_noise,100.0,shuffle,fedavg,128,0.1135,0.0,2.301566175079346,0.0,0.111,0.0,2.301582261403402,0.0,819,4,42
exp1_vary_width,mnist|cnn|64|1|0.0|label_flip|100.0|shuffle|fedavg|128|42,mnist,cnn,64,1,0.0,label_flip,100.0,shuffle,fedavg,128,0.9803,0.0,0.062317037601181,0.0,0.9798333333333332,0.0,0.0810182332098484,0.0,502538,41,42
exp1_vary_width,mnist|lr|1|4|0.75|label_flip|100.0|shuffle|fedavg|128|42,mnist,lr,1,4,0.75,label_flip,100.0,shuffle,fedavg,128,0.0974,0.0,2.3024022605895995,0.0,0.1093333333333333,0.0,2.3159987602233887,0.0,819,1,42
exp1_vary_width,mnist|lr|1|4|0.75|random_noise|100.0|shuffle|fedavg|128|42,mnist,lr,1,4,0.75,random_noise,100.0,shuffle,fedavg,128,0.1135,0.0,2.302162475204468,0.0,0.1625,0.0,2.3151771742502847,0.0,819,0,42
exp1_vary_width,mnist|cnn|64|1|0.0|random_noise|100.0|shuffle|fedavg|128|42,mnist,cnn,64,1,0.0,random_noise,100.0,shuffle,fedavg,128,0.9803,0.0,0.062317037601181,0.0,0.9798333333333332,0.0,0.0810182332098484,0.0,502538,41,42
exp1_vary_width,mnist|lr|1|4|1.0|label_flip|100.0|shuffle|fedavg|128|42,mnist,lr,1,4,1.0,label_flip,100.0,shuffle,fedavg,128,0.0974,0.0,2.3043307010650635,0.0,0.0995,0.0,2.3079884122212726,0.0,819,2,42
exp1_vary_width,mnist|cnn|64|1|0.25|label_flip|100.0|shuffle|fedavg|128|42,mnist,cnn,64,1,0.25,label_flip,100.0,shuffle,fedavg,128,0.9747,0.0,0.0851397183261811,0.0,0.9736666666666668,0.0,0.0962163947621981,0.0,502538,20,42
exp1_vary_width,mnist|cnn|64|1|0.25|random_noise|100.0|shuffle|fedavg|128|42,mnist,cnn,64,1,0.25,random_noise,100.0,shuffle,fedavg,128,0.9715,0.0,0.0874386502936482,0.0,0.9731666666666666,0.0,0.0987968461513519,0.0,502538,18,42
exp1_vary_width,mnist|lr|1|4|1.0|random_noise|100.0|shuffle|fedavg|128|42,mnist,lr,1,4,1.0,random_noise,100.0,shuffle,fedavg,128,0.0892,0.0,2.302795715332031,0.0,0.1093333333333333,0.0,2.3058228143056234,0.0,819,2,42
exp1_vary_width,mnist|cnn|64|1|0.5|label_flip|100.0|shuffle|fedavg|128|42,mnist,cnn,64,1,0.5,label_flip,100.0,shuffle,fedavg,128,0.9541,0.0,0.2456048959493637,0.0,0.9483333333333334,0.0,0.2616610800822576,0.0,502538,17,42
exp1_vary_width,mnist|lr|1|16|0.0|label_flip|100.0|shuffle|fedavg|128|42,mnist,lr,1,16,0.0,label_flip,100.0,shuffle,fedavg,128,0.1135,0.0,2.331865970611572,0.0,0.111,0.0,2.332121093114217,0.0,867,0,42
exp1_vary_width,mnist|cnn|64|1|0.5|random_noise|100.0|shuffle|fedavg|128|42,mnist,cnn,64,1,0.5,random_noise,100.0,shuffle,fedavg,128,0.9516,0.0,0.2696339972257614,0.0,0.9441666666666668,0.0,0.2883759523232778,0.0,502538,8,42
exp1_vary_width,mnist|lr|1|16|0.0|random_noise|100.0|shuffle|fedavg|128|42,mnist,lr,1,16,0.0,random_noise,100.0,shuffle,fedavg,128,0.1135,0.0,2.3319140956878663,0.0,0.111,0.0,2.3321859747568765,0.0,867,0,42
exp1_vary_width,mnist|cnn|64|1|0.75|label_flip|100.0|shuffle|fedavg|128|42,mnist,cnn,64,1,0.75,label_flip,100.0,shuffle,fedavg,128,0.9176,0.0,0.5135909724235534,0.0,0.9215,0.0,0.5385035966237386,0.0,502538,22,42
exp1_vary_width,mnist|lr|1|16|0.25|label_flip|100.0|shuffle|fedavg|128|42,mnist,lr,1,16,0.25,label_flip,100.0,shuffle,fedavg,128,0.1135,0.0,2.330531916427612,0.0,0.111,0.0,2.330634448369344,0.0,867,0,42
exp1_vary_width,mnist|cnn|64|1|0.75|random_noise|100.0|shuffle|fedavg|128|42,mnist,cnn,64,1,0.75,random_noise,100.0,shuffle,fedavg,128,0.9176,0.0,0.5249857957839966,0.0,0.9311666666666668,0.0,0.5793316620190938,0.0,502538,16,42
exp1_vary_width,mnist|cnn|64|1|1.0|label_flip|100.0|shuffle|fedavg|128|42,mnist,cnn,64,1,1.0,label_flip,100.0,shuffle,fedavg,128,0.1158,0.0,2.313507413864136,0.0,0.1251666666666666,0.0,2.3336104774475097,0.0,502538,7,42
exp1_vary_width,mnist|lr|1|16|0.25|random_noise|100.0|shuffle|fedavg|128|42,mnist,lr,1,16,0.25,random_noise,100.0,shuffle,fedavg,128,0.1135,0.0,2.3315087020874024,0.0,0.111,0.0,2.3316572214762368,0.0,867,0,42
exp1_vary_width,mnist|cnn|64|1|1.0|random_noise|100.0|shuffle|fedavg|128|42,mnist,cnn,64,1,1.0,random_noise,100.0,shuffle,fedavg,128,0.1492,0.0,2.3061022357940675,0.0,0.1493333333333333,0.0,2.30153630510966,0.0,502538,8,42
exp1_vary_width,mnist|lr|1|16|0.5|label_flip|100.0|shuffle|fedavg|128|42,mnist,lr,1,16,0.5,label_flip,100.0,shuffle,fedavg,128,0.1135,0.0,2.330620930862427,0.0,0.111,0.0,2.3309081573486328,0.0,867,0,42
exp1_vary_width,mnist|lr|1|16|0.5|random_noise|100.0|shuffle|fedavg|128|42,mnist,lr,1,16,0.5,random_noise,100.0,shuffle,fedavg,128,0.1135,0.0,2.332328385925293,0.0,0.111,0.0,2.3327172711690265,0.0,867,0,42
exp1_vary_width,cifar10|cnn|16|1|0.0|label_flip|100.0|shuffle|fedavg|128|42,cifar10,cnn,16,1,0.0,label_flip,100.0,shuffle,fedavg,128,0.621,0.0,1.114066361618042,0.0,0.6208,0.0,1.1482718517303467,0.0,164330,64,42
exp1_vary_width,mnist|lr|1|16|0.75|label_flip|100.0|shuffle|fedavg|128|42,mnist,lr,1,16,0.75,label_flip,100.0,shuffle,fedavg,128,0.1135,0.0,2.330273087310791,0.0,0.111,0.0,2.3305138460795085,0.0,867,0,42
exp1_vary_width,mnist|lr|1|16|0.75|random_noise|100.0|shuffle|fedavg|128|42,mnist,lr,1,16,0.75,random_noise,100.0,shuffle,fedavg,128,0.1135,0.0,2.332513703155517,0.0,0.111,0.0,2.332941272735596,0.0,867,0,42
exp1_vary_width,cifar10|cnn|16|1|0.0|random_noise|100.0|shuffle|fedavg|128|42,cifar10,cnn,16,1,0.0,random_noise,100.0,shuffle,fedavg,128,0.621,0.0,1.114066361618042,0.0,0.6208,0.0,1.1482718517303467,0.0,164330,64,42
exp1_vary_width,mnist|lr|1|16|1.0|label_flip|100.0|shuffle|fedavg|128|42,mnist,lr,1,16,1.0,label_flip,100.0,shuffle,fedavg,128,0.101,0.0,2.330344679260254,0.0,0.1036666666666666,0.0,2.3304892292022705,0.0,867,0,42
exp1_vary_width,mnist|lr|1|16|1.0|random_noise|100.0|shuffle|fedavg|128|42,mnist,lr,1,16,1.0,random_noise,100.0,shuffle,fedavg,128,0.0974,0.0,2.329185697937012,0.0,0.1016666666666666,0.0,3540013.9293333334,0.0,867,2,42
exp1_vary_width,cifar10|cnn|16|1|0.25|label_flip|100.0|shuffle|fedavg|128|42,cifar10,cnn,16,1,0.25,label_flip,100.0,shuffle,fedavg,128,0.564,0.0,1.2703146757125854,0.0,0.5668,0.0,1.2864761878967286,0.0,164330,72,42
exp1_vary_width,mnist|lr|1|64|0.0|label_flip|100.0|shuffle|fedavg|128|42,mnist,lr,1,64,0.0,label_flip,100.0,shuffle,fedavg,128,0.1135,0.0,2.300980048370361,0.0,0.111,0.0,2.3012191321055093,0.0,1059,3,42
exp1_vary_width,cifar10|cnn|16|1|0.25|random_noise|100.0|shuffle|fedavg|128|42,cifar10,cnn,16,1,0.25,random_noise,100.0,shuffle,fedavg,128,0.5715,0.0,1.266033853340149,0.0,0.566,0.0,1.285818992614746,0.0,164330,54,42
exp1_vary_width,mnist|lr|1|64|0.0|random_noise|100.0|shuffle|fedavg|128|42,mnist,lr,1,64,0.0,random_noise,100.0,shuffle,fedavg,128,0.1135,0.0,2.301087087249756,0.0,0.111,0.0,2.301204875310262,0.0,1059,3,42
exp1_vary_width,cifar10|cnn|16|1|0.5|label_flip|100.0|shuffle|fedavg|128|42,cifar10,cnn,16,1,0.5,label_flip,100.0,shuffle,fedavg,128,0.4832,0.0,1.6187667966842652,0.0,0.4744,0.0,1.6546793071746826,0.0,164330,15,42
exp1_vary_width,mnist|lr|1|64|0.25|label_flip|100.0|shuffle|fedavg|128|42,mnist,lr,1,64,0.25,label_flip,100.0,shuffle,fedavg,128,0.1135,0.0,2.3013307792663573,0.0,0.111,0.0,2.3009497509002688,0.0,1059,5,42
exp1_vary_width,cifar10|cnn|16|1|0.5|random_noise|100.0|shuffle|fedavg|128|42,cifar10,cnn,16,1,0.5,random_noise,100.0,shuffle,fedavg,128,0.4847,0.0,1.6040762687683106,0.0,0.4812,0.0,1.6265132804870606,0.0,164330,25,42
exp1_vary_width,mnist|lr|1|64|0.25|random_noise|100.0|shuffle|fedavg|128|42,mnist,lr,1,64,0.25,random_noise,100.0,shuffle,fedavg,128,0.1135,0.0,2.3012343257904053,0.0,0.111,0.0,2.3009995873769125,0.0,1059,4,42
exp1_vary_width,cifar10|cnn|16|1|0.75|label_flip|100.0|shuffle|fedavg|128|42,cifar10,cnn,16,1,0.75,label_flip,100.0,shuffle,fedavg,128,0.4117,0.0,1.8392864891052243,0.0,0.4256,0.0,1.8659623973846435,0.0,164330,6,42
exp1_vary_width,cifar10|cnn|16|1|0.75|random_noise|100.0|shuffle|fedavg|128|42,cifar10,cnn,16,1,0.75,random_noise,100.0,shuffle,fedavg,128,0.4124,0.0,1.834973189163208,0.0,0.4224,0.0,1.849363904762268,0.0,164330,12,42
exp1_vary_width,cifar10|cnn|16|1|1.0|label_flip|100.0|shuffle|fedavg|128|42,cifar10,cnn,16,1,1.0,label_flip,100.0,shuffle,fedavg,128,0.0983,0.0,2.317635523223877,0.0,0.1166,0.0,2.3501516925811767,0.0,164330,2,42
exp1_vary_width,mnist|lr|1|64|0.5|label_flip|100.0|shuffle|fedavg|128|42,mnist,lr,1,64,0.5,label_flip,100.0,shuffle,fedavg,128,0.1135,0.0,2.3015865844726564,0.0,0.111,0.0,2.3015754585266115,0.0,1059,7,42
exp1_vary_width,cifar10|cnn|16|1|1.0|random_noise|100.0|shuffle|fedavg|128|42,cifar10,cnn,16,1,1.0,random_noise,100.0,shuffle,fedavg,128,0.1296,0.0,2.291086573791504,0.0,0.1314,0.0,2.293308757019043,0.0,164330,1,42
exp1_vary_width,mnist|lr|1|64|0.5|random_noise|100.0|shuffle|fedavg|128|42,mnist,lr,1,64,0.5,random_noise,100.0,shuffle,fedavg,128,0.1135,0.0,2.301625838470459,0.0,0.111,0.0,2.301712412516276,0.0,1059,4,42
exp1_vary_width,cifar10|lr|64|64|0.0|label_flip|100.0|shuffle|fedavg|128|42,cifar10,lr,64,64,0.0,label_flip,100.0,shuffle,fedavg,128,0.1,0.0,2.313650706863404,0.0,0.106,0.0,2.3399240909576418,0.0,467594,2,42
exp1_vary_width,cifar10|lr|64|64|0.0|random_noise|100.0|shuffle|fedavg|128|42,cifar10,lr,64,64,0.0,random_noise,100.0,shuffle,fedavg,128,0.1,0.0,2.313650706863404,0.0,0.106,0.0,2.3399240909576418,0.0,467594,2,42
exp1_vary_width,mnist|lr|1|64|0.75|label_flip|100.0|shuffle|fedavg|128|42,mnist,lr,1,64,0.75,label_flip,100.0,shuffle,fedavg,128,0.0974,0.0,2.302287846374512,0.0,0.0995,0.0,2.303281662623088,0.0,1059,3,42
exp1_vary_width,cifar10|lr|64|64|0.25|label_flip|100.0|shuffle|fedavg|128|42,cifar10,lr,64,64,0.25,label_flip,100.0,shuffle,fedavg,128,0.1,0.0,2.313669107055664,0.0,0.106,0.0,2.430004192352295,0.0,467594,6,42
exp1_vary_width,mnist|lr|1|64|0.75|random_noise|100.0|shuffle|fedavg|128|42,mnist,lr,1,64,0.75,random_noise,100.0,shuffle,fedavg,128,0.1135,0.0,2.302104228591919,0.0,0.111,0.0,2.302329905192057,0.0,1059,5,42
exp1_vary_width,cifar10|lr|64|64|0.25|random_noise|100.0|shuffle|fedavg|128|42,cifar10,lr,64,64,0.25,random_noise,100.0,shuffle,fedavg,128,0.1,0.0,2.313717251968384,0.0,0.1054,0.0,2.464726957321167,0.0,467594,8,42
exp1_vary_width,mnist|lr|1|64|1.0|label_flip|100.0|shuffle|fedavg|128|42,mnist,lr,1,64,1.0,label_flip,100.0,shuffle,fedavg,128,0.0974,0.0,2.3043137107849123,0.0,0.0995,0.0,2.3071889457702635,0.0,1059,2,42
exp1_vary_width,cifar10|lr|64|64|0.5|label_flip|100.0|shuffle|fedavg|128|42,cifar10,lr,64,64,0.5,label_flip,100.0,shuffle,fedavg,128,0.1,0.0,2.313703495788574,0.0,0.1092,0.0,2.3910706108093263,0.0,467594,4,42
exp1_vary_width,mnist|lr|1|64|1.0|random_noise|100.0|shuffle|fedavg|128|42,mnist,lr,1,64,1.0,random_noise,100.0,shuffle,fedavg,128,0.0892,0.0,2.302879711151123,0.0,0.0961666666666666,0.0,2.33588378461202,0.0,1059,0,42
exp1_vary_width,cifar10|lr|64|64|0.5|random_noise|100.0|shuffle|fedavg|128|42,cifar10,lr,64,64,0.5,random_noise,100.0,shuffle,fedavg,128,0.1,0.0,2.313709688568115,0.0,0.1088,0.0,2.4775567295074463,0.0,467594,7,42
exp1_vary_width,cifar10|lr|64|64|0.75|label_flip|100.0|shuffle|fedavg|128|42,cifar10,lr,64,64,0.75,label_flip,100.0,shuffle,fedavg,128,0.1,0.0,2.3137168827056884,0.0,0.1022,0.0,2.342907437133789,0.0,467594,2,42
exp1_vary_width,cifar10|lr|64|64|0.75|random_noise|100.0|shuffle|fedavg|128|42,cifar10,lr,64,64,0.75,random_noise,100.0,shuffle,fedavg,128,0.1,0.0,2.3136682384490967,0.0,0.1028,0.0,2.465212851715088,0.0,467594,8,42
exp1_vary_width,cifar10|lr|64|64|1.0|label_flip|100.0|shuffle|fedavg|128|42,cifar10,lr,64,64,1.0,label_flip,100.0,shuffle,fedavg,128,0.1,0.0,2.3137317222595213,0.0,0.1066,0.0,2.441186623001099,0.0,467594,7,42
exp1_vary_width,mnist|cnn|1|4|0.0|label_flip|100.0|shuffle|fedavg|128|42,mnist,cnn,1,4,0.0,label_flip,100.0,shuffle,fedavg,128,0.9407,0.0,0.1912779880046844,0.0,0.9358333333333332,0.0,0.2187146972417831,0.0,548,83,42
exp1_vary_width,cifar10|lr|64|64|1.0|random_noise|100.0|shuffle|fedavg|128|42,cifar10,lr,64,64,1.0,random_noise,100.0,shuffle,fedavg,128,0.1,0.0,2.31368914718628,0.0,0.1052,0.0,2.460924621963501,0.0,467594,9,42
exp1_vary_width,cifar10|cnn|64|4|0.0|label_flip|100.0|shuffle|fedavg|128|42,cifar10,cnn,64,4,0.0,label_flip,100.0,shuffle,fedavg,128,0.7755,0.0,0.6536463832855225,0.0,0.7764,0.0,0.6469836767673492,0.0,154058,67,42
exp1_vary_width,mnist|cnn|1|4|0.0|random_noise|100.0|shuffle|fedavg|128|42,mnist,cnn,1,4,0.0,random_noise,100.0,shuffle,fedavg,128,0.9395,0.0,0.1946717424869537,0.0,0.9353333333333332,0.0,0.2194215662876765,0.0,548,79,42
exp1_vary_width,cifar10|cnn|64|4|0.0|random_noise|100.0|shuffle|fedavg|128|42,cifar10,cnn,64,4,0.0,random_noise,100.0,shuffle,fedavg,128,0.7755,0.0,0.6536463832855225,0.0,0.7764,0.0,0.6469836767673492,0.0,154058,67,42
exp1_vary_width,cifar10|cnn|64|4|0.25|label_flip|100.0|shuffle|fedavg|128|42,cifar10,cnn,64,4,0.25,label_flip,100.0,shuffle,fedavg,128,0.6794,0.0,1.0432838104248048,0.0,0.674,0.0,1.0485744480133057,0.0,154058,48,42
exp1_vary_width,mnist|cnn|1|4|0.25|label_flip|100.0|shuffle|fedavg|128|42,mnist,cnn,1,4,0.25,label_flip,100.0,shuffle,fedavg,128,0.8913,0.0,0.4344440113067627,0.0,0.8865,0.0,0.4546727817853291,0.0,548,93,42
exp1_vary_width,mnist|cnn|1|4|0.25|random_noise|100.0|shuffle|fedavg|128|42,mnist,cnn,1,4,0.25,random_noise,100.0,shuffle,fedavg,128,0.805,0.0,0.8120307663917542,0.0,0.8081666666666667,0.0,0.8328008468945821,0.0,548,26,42
exp1_vary_width,cifar10|cnn|64|4|0.25|random_noise|100.0|shuffle|fedavg|128|42,cifar10,cnn,64,4,0.25,random_noise,100.0,shuffle,fedavg,128,0.7031,0.0,1.0036104986190797,0.0,0.6918,0.0,1.0043174098968506,0.0,154058,56,42
exp1_vary_width,mnist|cnn|1|4|0.5|label_flip|100.0|shuffle|fedavg|128|42,mnist,cnn,1,4,0.5,label_flip,100.0,shuffle,fedavg,128,0.6818,0.0,1.6979694864273072,0.0,0.6716666666666666,0.0,1.6992547346750897,0.0,548,4,42
exp1_vary_width,mnist|cnn|1|4|0.5|random_noise|100.0|shuffle|fedavg|128|42,mnist,cnn,1,4,0.5,random_noise,100.0,shuffle,fedavg,128,0.6845,0.0,1.671336221885681,0.0,0.6798333333333333,0.0,1.673233697573344,0.0,548,3,42
exp1_vary_width,mnist|cnn|1|4|0.75|label_flip|100.0|shuffle|fedavg|128|42,mnist,cnn,1,4,0.75,label_flip,100.0,shuffle,fedavg,128,0.5055,0.0,2.003613677978516,0.0,0.5485,0.0,2.0798018627166748,0.0,548,11,42
exp1_vary_width,cifar10|cnn|64|4|0.5|label_flip|100.0|shuffle|fedavg|128|42,cifar10,cnn,64,4,0.5,label_flip,100.0,shuffle,fedavg,128,0.5965,0.0,1.4748440898895263,0.0,0.594,0.0,1.4905160066604617,0.0,154058,44,42
exp1_vary_width,mnist|cnn|1|4|0.75|random_noise|100.0|shuffle|fedavg|128|42,mnist,cnn,1,4,0.75,random_noise,100.0,shuffle,fedavg,128,0.5259,0.0,2.004194955444336,0.0,0.5546666666666666,0.0,2.071403179804484,0.0,548,8,42
exp1_vary_width,mnist|cnn|1|4|1.0|label_flip|100.0|shuffle|fedavg|128|42,mnist,cnn,1,4,1.0,label_flip,100.0,shuffle,fedavg,128,0.0987,0.0,2.30428624420166,0.0,0.1545,0.0,2.305694932937622,0.0,548,1,42
exp1_vary_width,mnist|cnn|1|4|1.0|random_noise|100.0|shuffle|fedavg|128|42,mnist,cnn,1,4,1.0,random_noise,100.0,shuffle,fedavg,128,0.091,0.0,2.302845209503174,0.0,0.1286666666666666,0.0,2.3062502867380776,0.0,548,0,42
exp1_vary_width,cifar10|cnn|64|4|0.5|random_noise|100.0|shuffle|fedavg|128|42,cifar10,cnn,64,4,0.5,random_noise,100.0,shuffle,fedavg,128,0.6042,0.0,1.3931932777404783,0.0,0.5964,0.0,1.3935976793289184,0.0,154058,62,42
exp1_vary_width,cifar10|cnn|64|4|0.75|label_flip|100.0|shuffle|fedavg|128|42,cifar10,cnn,64,4,0.75,label_flip,100.0,shuffle,fedavg,128,0.4992,0.0,1.7482168376922609,0.0,0.5038,0.0,1.7596916234970092,0.0,154058,32,42
exp1_vary_width,cifar10|cnn|64|4|0.75|random_noise|100.0|shuffle|fedavg|128|42,cifar10,cnn,64,4,0.75,random_noise,100.0,shuffle,fedavg,128,0.502,0.0,1.7327959365844727,0.0,0.4936,0.0,1.7469563358306883,0.0,154058,30,42
exp1_vary_width,cifar10|cnn|64|4|1.0|label_flip|100.0|shuffle|fedavg|128|42,cifar10,cnn,64,4,1.0,label_flip,100.0,shuffle,fedavg,128,0.119,0.0,2.3059055587768555,0.0,0.1338,0.0,2.3196333152771,0.0,154058,12,42
exp1_vary_width,cifar10|cnn|64|4|1.0|random_noise|100.0|shuffle|fedavg|128|42,cifar10,cnn,64,4,1.0,random_noise,100.0,shuffle,fedavg,128,0.1295,0.0,2.2826568824768065,0.0,0.1314,0.0,2.2882093742370606,0.0,154058,2,42
exp1_vary_width,cifar10|cnn|1|4|0.0|label_flip|100.0|shuffle|fedavg|128|42,cifar10,cnn,1,4,0.0,label_flip,100.0,shuffle,fedavg,128,0.401,0.0,1.6956088920593262,0.0,0.4132,0.0,1.696519082450867,0.0,716,67,42
exp1_vary_width,cifar10|cnn|16|64|0.0|label_flip|100.0|shuffle|fedavg|128|42,cifar10,cnn,16,64,0.0,label_flip,100.0,shuffle,fedavg,128,0.1,0.0,2.31018392868042,0.0,0.1002,0.0,2.311004600143433,0.0,148826,0,42
exp1_vary_width,cifar10|cnn|16|64|0.0|random_noise|100.0|shuffle|fedavg|128|42,cifar10,cnn,16,64,0.0,random_noise,100.0,shuffle,fedavg,128,0.1,0.0,2.31018392868042,0.0,0.1002,0.0,2.311004600143433,0.0,148826,0,42
exp1_vary_width,cifar10|cnn|16|64|0.25|label_flip|100.0|shuffle|fedavg|128|42,cifar10,cnn,16,64,0.25,label_flip,100.0,shuffle,fedavg,128,0.1,0.0,2.310189437866211,0.0,0.1002,0.0,2.3110047554016115,0.0,148826,0,42
exp1_vary_width,cifar10|cnn|16|64|0.25|random_noise|100.0|shuffle|fedavg|128|42,cifar10,cnn,16,64,0.25,random_noise,100.0,shuffle,fedavg,128,0.1,0.0,2.3101781299591067,0.0,0.104,0.0,2.346864765930176,0.0,148826,8,42
exp1_vary_width,cifar10|cnn|16|64|0.5|label_flip|100.0|shuffle|fedavg|128|42,cifar10,cnn,16,64,0.5,label_flip,100.0,shuffle,fedavg,128,0.1,0.0,2.31018028717041,0.0,0.1002,0.0,2.310996281433105,0.0,148826,0,42
exp1_vary_width,cifar10|cnn|16|64|0.5|random_noise|100.0|shuffle|fedavg|128|42,cifar10,cnn,16,64,0.5,random_noise,100.0,shuffle,fedavg,128,0.1,0.0,2.310177634811401,0.0,0.1028,0.0,2.326399452972412,0.0,148826,6,42
exp1_vary_width,cifar10|cnn|1|4|0.0|random_noise|100.0|shuffle|fedavg|128|42,cifar10,cnn,1,4,0.0,random_noise,100.0,shuffle,fedavg,128,0.3985,0.0,1.6971289072036744,0.0,0.4082,0.0,1.6980311979293825,0.0,716,76,42
exp1_vary_width,cifar10|cnn|16|64|0.75|label_flip|100.0|shuffle|fedavg|128|42,cifar10,cnn,16,64,0.75,label_flip,100.0,shuffle,fedavg,128,0.1,0.0,2.3101779792785644,0.0,0.1024,0.0,2.327972396850586,0.0,148826,5,42
exp1_vary_width,cifar10|cnn|16|64|0.75|random_noise|100.0|shuffle|fedavg|128|42,cifar10,cnn,16,64,0.75,random_noise,100.0,shuffle,fedavg,128,0.1,0.0,2.3101865390777587,0.0,0.1042,0.0,2.341477155685425,0.0,148826,7,42
exp1_vary_width,cifar10|cnn|16|64|1.0|label_flip|100.0|shuffle|fedavg|128|42,cifar10,cnn,16,64,1.0,label_flip,100.0,shuffle,fedavg,128,0.1,0.0,2.310182529067993,0.0,0.1042,0.0,2.3368076305389405,0.0,148826,7,42
exp1_vary_width,cifar10|cnn|16|64|1.0|random_noise|100.0|shuffle|fedavg|128|42,cifar10,cnn,16,64,1.0,random_noise,100.0,shuffle,fedavg,128,0.1,0.0,2.3101795749664307,0.0,0.1002,0.0,2.3109956031799315,0.0,148826,0,42
exp1_vary_width,cifar10|cnn|1|4|0.25|label_flip|100.0|shuffle|fedavg|128|42,cifar10,cnn,1,4,0.25,label_flip,100.0,shuffle,fedavg,128,0.3711,0.0,1.7777353956222537,0.0,0.3762,0.0,1.789791403388977,0.0,716,43,42
exp1_vary_width,mnist|cnn|16|64|0.0|label_flip|100.0|shuffle|fedavg|128|42,mnist,cnn,16,64,0.0,label_flip,100.0,shuffle,fedavg,128,0.098,0.0,2.310331116104126,0.0,0.1055,0.0,2.3499275811513267,0.0,148538,7,42
exp1_vary_width,mnist|cnn|16|64|0.0|random_noise|100.0|shuffle|fedavg|128|42,mnist,cnn,16,64,0.0,random_noise,100.0,shuffle,fedavg,128,0.098,0.0,2.310331116104126,0.0,0.1055,0.0,2.3499275811513267,0.0,148538,7,42
exp1_vary_width,mnist|cnn|16|64|0.25|label_flip|100.0|shuffle|fedavg|128|42,mnist,cnn,16,64,0.25,label_flip,100.0,shuffle,fedavg,128,0.098,0.0,2.310331821060181,0.0,0.1015,0.0,2.3408659331003823,0.0,148538,7,42
exp1_vary_width,cifar10|cnn|1|4|0.25|random_noise|100.0|shuffle|fedavg|128|42,cifar10,cnn,1,4,0.25,random_noise,100.0,shuffle,fedavg,128,0.3712,0.0,1.7811242961883544,0.0,0.372,0.0,1.8002280540466309,0.0,716,37,42
exp1_vary_width,mnist|cnn|16|64|0.25|random_noise|100.0|shuffle|fedavg|128|42,mnist,cnn,16,64,0.25,random_noise,100.0,shuffle,fedavg,128,0.098,0.0,2.3103157787323,0.0,0.1046666666666666,0.0,2.363588935216268,0.0,148538,8,42
exp1_vary_width,mnist|cnn|16|64|0.5|label_flip|100.0|shuffle|fedavg|128|42,mnist,cnn,16,64,0.5,label_flip,100.0,shuffle,fedavg,128,0.098,0.0,2.3103237243652344,0.0,0.1051666666666666,0.0,2.350576650619507,0.0,148538,9,42
exp1_vary_width,mnist|cnn|16|64|0.5|random_noise|100.0|shuffle|fedavg|128|42,mnist,cnn,16,64,0.5,random_noise,100.0,shuffle,fedavg,128,0.098,0.0,2.310314911270141,0.0,0.1015,0.0,2.317803177515666,0.0,148538,4,42
exp1_vary_width,mnist|cnn|16|64|0.75|label_flip|100.0|shuffle|fedavg|128|42,mnist,cnn,16,64,0.75,label_flip,100.0,shuffle,fedavg,128,0.098,0.0,2.3103073040008546,0.0,0.1033333333333333,0.0,2.3173353029886883,0.0,148538,4,42
exp1_vary_width,cifar10|cnn|1|4|0.5|label_flip|100.0|shuffle|fedavg|128|42,cifar10,cnn,1,4,0.5,label_flip,100.0,shuffle,fedavg,128,0.3035,0.0,1.993934544181824,0.0,0.291,0.0,2.047483017349243,0.0,716,35,42
exp1_vary_width,mnist|cnn|16|64|0.75|random_noise|100.0|shuffle|fedavg|128|42,mnist,cnn,16,64,0.75,random_noise,100.0,shuffle,fedavg,128,0.098,0.0,2.310345938873291,0.0,0.1015,0.0,2.317336301803589,0.0,148538,4,42
exp1_vary_width,mnist|cnn|16|64|1.0|label_flip|100.0|shuffle|fedavg|128|42,mnist,cnn,16,64,1.0,label_flip,100.0,shuffle,fedavg,128,0.098,0.0,2.310323342514038,0.0,0.1018333333333333,0.0,2.317366969426473,0.0,148538,4,42
exp1_vary_width,mnist|cnn|16|64|1.0|random_noise|100.0|shuffle|fedavg|128|42,mnist,cnn,16,64,1.0,random_noise,100.0,shuffle,fedavg,128,0.098,0.0,2.3103302421569825,0.0,0.1035,0.0,2.3398912258148195,0.0,148538,7,42
exp1_vary_width,cifar10|cnn|1|4|0.5|random_noise|100.0|shuffle|fedavg|128|42,cifar10,cnn,1,4,0.5,random_noise,100.0,shuffle,fedavg,128,0.3178,0.0,1.972302723693848,0.0,0.299,0.0,1.991100722503662,0.0,716,56,42
exp1_vary_width,mnist|cnn|64|4|0.0|label_flip|100.0|shuffle|fedavg|128|42,mnist,cnn,64,4,0.0,label_flip,100.0,shuffle,fedavg,128,0.9946,0.0,0.0164413508650963,0.0,0.9928333333333332,0.0,0.026334016131858,0.0,143306,55,42
exp1_vary_width,cifar10|cnn|1|4|0.75|label_flip|100.0|shuffle|fedavg|128|42,cifar10,cnn,1,4,0.75,label_flip,100.0,shuffle,fedavg,128,0.2802,0.0,2.1338652908325195,0.0,0.2746,0.0,2.142530923843384,0.0,716,39,42
exp1_vary_width,mnist|cnn|64|4|0.0|random_noise|100.0|shuffle|fedavg|128|42,mnist,cnn,64,4,0.0,random_noise,100.0,shuffle,fedavg,128,0.9946,0.0,0.0164413508650963,0.0,0.9928333333333332,0.0,0.026334016131858,0.0,143306,55,42
exp1_vary_width,cifar10|cnn|1|4|0.75|random_noise|100.0|shuffle|fedavg|128|42,cifar10,cnn,1,4,0.75,random_noise,100.0,shuffle,fedavg,128,0.236,0.0,2.173473649215698,0.0,0.2444,0.0,2.181398196029663,0.0,716,23,42
exp1_vary_width,mnist|cnn|64|4|0.25|label_flip|100.0|shuffle|fedavg|128|42,mnist,cnn,64,4,0.25,label_flip,100.0,shuffle,fedavg,128,0.9898,0.0,0.0947753167629242,0.0,0.9885,0.0,0.1292896877527237,0.0,143306,22,42
exp1_vary_width,mnist|cnn|64|4|0.25|random_noise|100.0|shuffle|fedavg|128|42,mnist,cnn,64,4,0.25,random_noise,100.0,shuffle,fedavg,128,0.9705,0.0,0.1284234263062477,0.0,0.983,0.0,0.2205082757472992,0.0,143306,10,42
exp1_vary_width,cifar10|cnn|1|4|1.0|label_flip|100.0|shuffle|fedavg|128|42,cifar10,cnn,1,4,1.0,label_flip,100.0,shuffle,fedavg,128,0.0913,0.0,2.302239914703369,0.0,0.106,0.0,2.3025224605560304,0.0,716,1,42
exp1_vary_width,mnist|cnn|64|4|0.5|label_flip|100.0|shuffle|fedavg|128|42,mnist,cnn,64,4,0.5,label_flip,100.0,shuffle,fedavg,128,0.985,0.0,0.2377471562623977,0.0,0.9825,0.0,0.2678020015557607,0.0,143306,24,42
exp1_vary_width,mnist|cnn|64|4|0.5|random_noise|100.0|shuffle|fedavg|128|42,mnist,cnn,64,4,0.5,random_noise,100.0,shuffle,fedavg,128,0.9896,0.0,0.2473444665908813,0.0,0.9875,0.0,0.2544332836469014,0.0,143306,30,42
exp1_vary_width,cifar10|cnn|1|4|1.0|random_noise|100.0|shuffle|fedavg|128|42,cifar10,cnn,1,4,1.0,random_noise,100.0,shuffle,fedavg,128,0.115,0.0,2.3008566650390625,0.0,0.1234,0.0,2.301186836624145,0.0,716,38,42
exp1_vary_width,mnist|cnn|64|4|0.75|label_flip|100.0|shuffle|fedavg|128|42,mnist,cnn,64,4,0.75,label_flip,100.0,shuffle,fedavg,128,0.9723,0.0,0.6986251099586487,0.0,0.9713333333333334,0.0,0.7520465318361919,0.0,143306,44,42
exp1_vary_width,mnist|cnn|64|4|0.75|random_noise|100.0|shuffle|fedavg|128|42,mnist,cnn,64,4,0.75,random_noise,100.0,shuffle,fedavg,128,0.9653,0.0,0.7663566244125366,0.0,0.9678333333333332,0.0,0.8281977173487345,0.0,143306,36,42
exp1_vary_width,mnist|cnn|1|64|0.0|label_flip|100.0|shuffle|fedavg|128|42,mnist,cnn,1,64,0.0,label_flip,100.0,shuffle,fedavg,128,0.1434,0.0,2.2592492267608644,0.0,0.1466666666666666,0.0,2.2564769763946533,0.0,788,16,42
exp1_vary_width,mnist|cnn|64|4|1.0|label_flip|100.0|shuffle|fedavg|128|42,mnist,cnn,64,4,1.0,label_flip,100.0,shuffle,fedavg,128,0.0919,0.0,2.2994024005889893,0.0,0.126,0.0,2.3065786253611247,0.0,143306,24,42
exp1_vary_width,mnist|cnn|1|64|0.0|random_noise|100.0|shuffle|fedavg|128|42,mnist,cnn,1,64,0.0,random_noise,100.0,shuffle,fedavg,128,0.1135,0.0,2.3009881900787352,0.0,0.111,0.0,2.301940154393514,0.0,788,3,42
exp1_vary_width,mnist|cnn|64|4|1.0|random_noise|100.0|shuffle|fedavg|128|42,mnist,cnn,64,4,1.0,random_noise,100.0,shuffle,fedavg,128,0.0817,0.0,2.301474704360962,0.0,0.1276666666666666,0.0,2.3121518370310468,0.0,143306,9,42
exp1_vary_width,mnist|cnn|16|1|0.0|label_flip|100.0|shuffle|fedavg|128|42,mnist,cnn,16,1,0.0,label_flip,100.0,shuffle,fedavg,128,0.9804,0.0,0.0604564252397045,0.0,0.98,0.0,0.0770976816515127,0.0,125642,28,42
exp1_vary_width,mnist|cnn|16|1|0.0|random_noise|100.0|shuffle|fedavg|128|42,mnist,cnn,16,1,0.0,random_noise,100.0,shuffle,fedavg,128,0.9804,0.0,0.0604564252397045,0.0,0.98,0.0,0.0770976816515127,0.0,125642,28,42
exp1_vary_width,mnist|cnn|1|64|0.25|label_flip|100.0|shuffle|fedavg|128|42,mnist,cnn,1,64,0.25,label_flip,100.0,shuffle,fedavg,128,0.1434,0.0,2.2620651695251466,0.0,0.1466666666666666,0.0,2.259054166793823,0.0,788,26,42
exp1_vary_width,mnist|cnn|16|1|0.25|label_flip|100.0|shuffle|fedavg|128|42,mnist,cnn,16,1,0.25,label_flip,100.0,shuffle,fedavg,128,0.9633,0.0,0.1797609197497368,0.0,0.9658333333333332,0.0,0.1952510461409886,0.0,125642,36,42
exp1_vary_width,mnist|cnn|16|1|0.25|random_noise|100.0|shuffle|fedavg|128|42,mnist,cnn,16,1,0.25,random_noise,100.0,shuffle,fedavg,128,0.9669,0.0,0.1656380049824714,0.0,0.9643333333333334,0.0,0.1793953635295232,0.0,125642,12,42
exp1_vary_width,mnist|cnn|1|64|0.25|random_noise|100.0|shuffle|fedavg|128|42,mnist,cnn,1,64,0.25,random_noise,100.0,shuffle,fedavg,128,0.1135,0.0,2.3012514335632326,0.0,0.111,0.0,2.302137994766236,0.0,788,3,42
exp1_vary_width,mnist|cnn|16|1|0.5|label_flip|100.0|shuffle|fedavg|128|42,mnist,cnn,16,1,0.5,label_flip,100.0,shuffle,fedavg,128,0.9429,0.0,0.4735564703464508,0.0,0.9498333333333332,0.0,0.6205755276679993,0.0,125642,26,42
exp1_vary_width,mnist|cnn|16|1|0.5|random_noise|100.0|shuffle|fedavg|128|42,mnist,cnn,16,1,0.5,random_noise,100.0,shuffle,fedavg,128,0.9475,0.0,0.4883246341228485,0.0,0.9533333333333334,0.0,0.6645553905169169,0.0,125642,26,42
exp1_vary_width,mnist|cnn|16|1|0.75|label_flip|100.0|shuffle|fedavg|128|42,mnist,cnn,16,1,0.75,label_flip,100.0,shuffle,fedavg,128,0.9202,0.0,0.976826362800598,0.0,0.9213333333333332,0.0,1.055470256169637,0.0,125642,7,42
exp1_vary_width,mnist|cnn|1|64|0.5|label_flip|100.0|shuffle|fedavg|128|42,mnist,cnn,1,64,0.5,label_flip,100.0,shuffle,fedavg,128,0.1135,0.0,2.30165828666687,0.0,0.111,0.0,2.3018687235514323,0.0,788,5,42
exp1_vary_width,mnist|cnn|16|1|0.75|random_noise|100.0|shuffle|fedavg|128|42,mnist,cnn,16,1,0.75,random_noise,100.0,shuffle,fedavg,128,0.8742,0.0,0.9836331741333008,0.0,0.925,0.0,1.0329595486323038,0.0,125642,8,42
exp1_vary_width,mnist|cnn|16|1|1.0|label_flip|100.0|shuffle|fedavg|128|42,mnist,cnn,16,1,1.0,label_flip,100.0,shuffle,fedavg,128,0.1019,0.0,2.3268980682373046,0.0,0.1076666666666666,0.0,2.329926347732544,0.0,125642,7,42
exp1_vary_width,mnist|cnn|16|1|1.0|random_noise|100.0|shuffle|fedavg|128|42,mnist,cnn,16,1,1.0,random_noise,100.0,shuffle,fedavg,128,0.1012,0.0,2.313095305252076,0.0,0.135,0.0,2.320345728556315,0.0,125642,3,42
exp1_vary_width,mnist|cnn|1|64|0.5|random_noise|100.0|shuffle|fedavg|128|42,mnist,cnn,1,64,0.5,random_noise,100.0,shuffle,fedavg,128,0.1135,0.0,2.301548654937744,0.0,0.111,0.0,2.302155371348064,0.0,788,4,42
exp1_vary_width,mnist|lr|64|64|0.0|label_flip|100.0|shuffle|fedavg|128|42,mnist,lr,64,64,0.0,label_flip,100.0,shuffle,fedavg,128,0.1028,0.0,2.308495594406128,0.0,0.1093333333333333,0.0,2.3076653989156086,0.0,321162,0,42
exp1_vary_width,mnist|lr|64|64|0.0|random_noise|100.0|shuffle|fedavg|128|42,mnist,lr,64,64,0.0,random_noise,100.0,shuffle,fedavg,128,0.1028,0.0,2.308495594406128,0.0,0.1093333333333333,0.0,2.3076653989156086,0.0,321162,0,42
exp1_vary_width,mnist|cnn|1|64|0.75|label_flip|100.0|shuffle|fedavg|128|42,mnist,cnn,1,64,0.75,label_flip,100.0,shuffle,fedavg,128,0.0974,0.0,2.302353472137451,0.0,0.0995,0.0,2.304103958129883,0.0,788,3,42
exp1_vary_width,mnist|lr|64|64|0.25|label_flip|100.0|shuffle|fedavg|128|42,mnist,lr,64,64,0.25,label_flip,100.0,shuffle,fedavg,128,0.1028,0.0,2.308580185317993,0.0,0.1093333333333333,0.0,2.307770289738973,0.0,321162,0,42
exp1_vary_width,mnist|cnn|1|64|0.75|random_noise|100.0|shuffle|fedavg|128|42,mnist,cnn,1,64,0.75,random_noise,100.0,shuffle,fedavg,128,0.1135,0.0,2.302227062225342,0.0,0.111,0.0,2.3027276763916014,0.0,788,5,42
exp1_vary_width,mnist|lr|64|64|0.25|random_noise|100.0|shuffle|fedavg|128|42,mnist,lr,64,64,0.25,random_noise,100.0,shuffle,fedavg,128,0.1028,0.0,2.3084242938995363,0.0,0.1093333333333333,0.0,2.3076231015523274,0.0,321162,0,42
exp1_vary_width,mnist|lr|64|64|0.5|label_flip|100.0|shuffle|fedavg|128|42,mnist,lr,64,64,0.5,label_flip,100.0,shuffle,fedavg,128,0.1028,0.0,2.308540985488892,0.0,0.1093333333333333,0.0,2.3077361965179444,0.0,321162,0,42
exp1_vary_width,mnist|cnn|1|64|1.0|label_flip|100.0|shuffle|fedavg|128|42,mnist,cnn,1,64,1.0,label_flip,100.0,shuffle,fedavg,128,0.0974,0.0,2.3042616813659667,0.0,0.0995,0.0,2.3091420783996583,0.0,788,2,42
exp1_vary_width,mnist|lr|64|64|0.5|random_noise|100.0|shuffle|fedavg|128|42,mnist,lr,64,64,0.5,random_noise,100.0,shuffle,fedavg,128,0.1028,0.0,2.3084288970947267,0.0,0.1093333333333333,0.0,2.3076163679758706,0.0,321162,0,42
exp1_vary_width,mnist|cnn|1|64|1.0|random_noise|100.0|shuffle|fedavg|128|42,mnist,cnn,1,64,1.0,random_noise,100.0,shuffle,fedavg,128,0.0892,0.0,2.302933232116699,0.0,0.0993333333333333,0.0,2.3031811135609943,0.0,788,14,42
exp1_vary_width,mnist|lr|64|64|0.75|label_flip|100.0|shuffle|fedavg|128|42,mnist,lr,64,64,0.75,label_flip,100.0,shuffle,fedavg,128,0.1028,0.0,2.308553610610962,0.0,0.1093333333333333,0.0,2.3077580115000407,0.0,321162,0,42
exp1_vary_width,mnist|lr|64|64|0.75|random_noise|100.0|shuffle|fedavg|128|42,mnist,lr,64,64,0.75,random_noise,100.0,shuffle,fedavg,128,0.1028,0.0,2.3085088733673094,0.0,0.1093333333333333,0.0,2.307707442601522,0.0,321162,0,42
exp1_vary_width,mnist|lr|64|64|1.0|label_flip|100.0|shuffle|fedavg|128|42,mnist,lr,64,64,1.0,label_flip,100.0,shuffle,fedavg,128,0.1028,0.0,2.3085174606323244,0.0,0.1093333333333333,0.0,2.3077276961008706,0.0,321162,0,42
exp1_vary_width,cifar10|cnn|1|64|0.0|label_flip|100.0|shuffle|fedavg|128|42,cifar10,cnn,1,64,0.0,label_flip,100.0,shuffle,fedavg,128,0.1,0.0,2.3030267818450927,0.0,0.0942,0.0,2.389674686050415,0.0,806,0,42
exp1_vary_width,mnist|lr|64|64|1.0|random_noise|100.0|shuffle|fedavg|128|42,mnist,lr,64,64,1.0,random_noise,100.0,shuffle,fedavg,128,0.1028,0.0,2.30852629699707,0.0,0.1093333333333333,0.0,2.3077272777557374,0.0,321162,0,42
exp1_vary_width,cifar10|lr|64|16|0.0|label_flip|100.0|shuffle|fedavg|128|42,cifar10,lr,64,16,0.0,label_flip,100.0,shuffle,fedavg,128,0.1,0.0,2.308727854537964,0.0,0.101,0.0,2.3732760608673096,0.0,261770,4,42
exp1_vary_width,cifar10|lr|64|16|0.0|random_noise|100.0|shuffle|fedavg|128|42,cifar10,lr,64,16,0.0,random_noise,100.0,shuffle,fedavg,128,0.1,0.0,2.308727854537964,0.0,0.101,0.0,2.3732760608673096,0.0,261770,4,42
exp1_vary_width,cifar10|lr|64|16|0.25|label_flip|100.0|shuffle|fedavg|128|42,cifar10,lr,64,16,0.25,label_flip,100.0,shuffle,fedavg,128,0.1,0.0,2.308674965286255,0.0,0.1062,0.0,2.4076315711975096,0.0,261770,7,42
exp1_vary_width,cifar10|lr|64|16|0.25|random_noise|100.0|shuffle|fedavg|128|42,cifar10,lr,64,16,0.25,random_noise,100.0,shuffle,fedavg,128,0.1,0.0,2.3086195766448974,0.0,0.1022,0.0,2.4101318294525145,0.0,261770,10,42
exp1_vary_width,cifar10|lr|64|16|0.5|label_flip|100.0|shuffle|fedavg|128|42,cifar10,lr,64,16,0.5,label_flip,100.0,shuffle,fedavg,128,0.1,0.0,2.3086296436309817,0.0,0.1018,0.0,2.431426210021973,0.0,261770,9,42
exp1_vary_width,cifar10|lr|64|16|0.5|random_noise|100.0|shuffle|fedavg|128|42,cifar10,lr,64,16,0.5,random_noise,100.0,shuffle,fedavg,128,0.1,0.0,2.308621251296997,0.0,0.1076,0.0,2.4094719001770017,0.0,261770,9,42
exp1_vary_width,cifar10|cnn|1|64|0.0|random_noise|100.0|shuffle|fedavg|128|42,cifar10,cnn,1,64,0.0,random_noise,100.0,shuffle,fedavg,128,0.1,0.0,2.303048106765747,0.0,0.0942,0.0,2.3896039543151857,0.0,806,0,42
exp1_vary_width,cifar10|lr|64|16|0.75|label_flip|100.0|shuffle|fedavg|128|42,cifar10,lr,64,16,0.75,label_flip,100.0,shuffle,fedavg,128,0.1,0.0,2.308636849975586,0.0,0.1068,0.0,2.418474627685547,0.0,261770,7,42
exp1_vary_width,cifar10|lr|64|16|0.75|random_noise|100.0|shuffle|fedavg|128|42,cifar10,lr,64,16,0.75,random_noise,100.0,shuffle,fedavg,128,0.1,0.0,2.3086911964416506,0.0,0.1076,0.0,2.4129568649292,0.0,261770,6,42
exp1_vary_width,cifar10|lr|64|16|1.0|label_flip|100.0|shuffle|fedavg|128|42,cifar10,lr,64,16,1.0,label_flip,100.0,shuffle,fedavg,128,0.1,0.0,2.308632554244995,0.0,0.1016,0.0,2.4197241916656496,0.0,261770,7,42
exp1_vary_width,cifar10|lr|64|16|1.0|random_noise|100.0|shuffle|fedavg|128|42,cifar10,lr,64,16,1.0,random_noise,100.0,shuffle,fedavg,128,0.1,0.0,2.3086301902771,0.0,0.102,0.0,2.420065251922608,0.0,261770,6,42
exp1_vary_width,cifar10|cnn|1|64|0.25|label_flip|100.0|shuffle|fedavg|128|42,cifar10,cnn,1,64,0.25,label_flip,100.0,shuffle,fedavg,128,0.1,0.0,2.3028603172302247,0.0,0.0942,0.0,2.389190259933472,0.0,806,0,42
exp1_vary_width,cifar10|lr|64|4|0.0|label_flip|100.0|shuffle|fedavg|128|42,cifar10,lr,64,4,0.0,label_flip,100.0,shuffle,fedavg,128,0.5167,0.0,1.3788660634994507,0.0,0.5112,0.0,1.3970428234100343,0.0,210314,51,42
