task_id,phase,dataset,model_type,width_factor,depth,poison_ratio,seed,num_params,complexity_score,status
exp1_vary_width_0_42,exp1_vary_width,mnist,lr,1,1,0.0,42,807,807.0,pending
exp1_vary_width_100_42,exp1_vary_width,mnist,lr,16,16,0.0,42,17322,17322.0,pending
exp1_vary_width_101_42,exp1_vary_width,mnist,lr,16,16,0.0,42,17322,17322.0,pending
exp1_vary_width_102_42,exp1_vary_width,mnist,lr,16,16,0.25,42,17322,17322.0,pending
exp1_vary_width_103_42,exp1_vary_width,mnist,lr,16,16,0.25,42,17322,17322.0,pending
exp1_vary_width_104_42,exp1_vary_width,mnist,lr,16,16,0.5,42,17322,17322.0,pending
exp1_vary_width_105_42,exp1_vary_width,mnist,lr,16,16,0.5,42,17322,17322.0,pending
exp1_vary_width_106_42,exp1_vary_width,mnist,lr,16,16,0.75,42,17322,17322.0,pending
exp1_vary_width_107_42,exp1_vary_width,mnist,lr,16,16,0.75,42,17322,17322.0,pending
exp1_vary_width_108_42,exp1_vary_width,mnist,lr,16,16,1.0,42,17322,17322.0,pending
exp1_vary_width_109_42,exp1_vary_width,mnist,lr,16,16,1.0,42,17322,17322.0,pending
exp1_vary_width_10_42,exp1_vary_width,mnist,lr,1,4,0.0,42,819,819.0,pending
exp1_vary_width_110_42,exp1_vary_width,mnist,lr,16,64,0.0,42,31914,31914.0,pending
exp1_vary_width_111_42,exp1_vary_width,mnist,lr,16,64,0.0,42,31914,31914.0,pending
exp1_vary_width_112_42,exp1_vary_width,mnist,lr,16,64,0.25,42,31914,31914.0,pending
exp1_vary_width_113_42,exp1_vary_width,mnist,lr,16,64,0.25,42,31914,31914.0,pending
exp1_vary_width_114_42,exp1_vary_width,mnist,lr,16,64,0.5,42,31914,31914.0,pending
exp1_vary_width_115_42,exp1_vary_width,mnist,lr,16,64,0.5,42,31914,31914.0,pending
exp1_vary_width_116_42,exp1_vary_width,mnist,lr,16,64,0.75,42,31914,31914.0,pending
exp1_vary_width_117_42,exp1_vary_width,mnist,lr,16,64,0.75,42,31914,31914.0,pending
exp1_vary_width_118_42,exp1_vary_width,mnist,lr,16,64,1.0,42,31914,31914.0,pending
exp1_vary_width_119_42,exp1_vary_width,mnist,lr,16,64,1.0,42,31914,31914.0,pending
exp1_vary_width_11_42,exp1_vary_width,mnist,lr,1,4,0.0,42,819,819.0,pending
exp1_vary_width_120_42,exp1_vary_width,mnist,lr,64,1,0.0,42,51018,51018.0,pending
exp1_vary_width_121_42,exp1_vary_width,mnist,lr,64,1,0.0,42,51018,51018.0,pending
exp1_vary_width_122_42,exp1_vary_width,mnist,lr,64,1,0.25,42,51018,51018.0,pending
exp1_vary_width_123_42,exp1_vary_width,mnist,lr,64,1,0.25,42,51018,51018.0,pending
exp1_vary_width_124_42,exp1_vary_width,mnist,lr,64,1,0.5,42,51018,51018.0,pending
exp1_vary_width_125_42,exp1_vary_width,mnist,lr,64,1,0.5,42,51018,51018.0,pending
exp1_vary_width_126_42,exp1_vary_width,mnist,lr,64,1,0.75,42,51018,51018.0,pending
exp1_vary_width_127_42,exp1_vary_width,mnist,lr,64,1,0.75,42,51018,51018.0,pending
exp1_vary_width_128_42,exp1_vary_width,mnist,lr,64,1,1.0,42,51018,51018.0,pending
exp1_vary_width_129_42,exp1_vary_width,mnist,lr,64,1,1.0,42,51018,51018.0,pending
exp1_vary_width_12_42,exp1_vary_width,mnist,lr,1,4,0.25,42,819,819.0,pending
exp1_vary_width_130_42,exp1_vary_width,mnist,lr,64,4,0.0,42,63882,63882.0,pending
exp1_vary_width_131_42,exp1_vary_width,mnist,lr,64,4,0.0,42,63882,63882.0,pending
exp1_vary_width_132_42,exp1_vary_width,mnist,lr,64,4,0.25,42,63882,63882.0,pending
exp1_vary_width_133_42,exp1_vary_width,mnist,lr,64,4,0.25,42,63882,63882.0,pending
exp1_vary_width_134_42,exp1_vary_width,mnist,lr,64,4,0.5,42,63882,63882.0,pending
exp1_vary_width_135_42,exp1_vary_width,mnist,lr,64,4,0.5,42,63882,63882.0,pending
exp1_vary_width_136_42,exp1_vary_width,mnist,lr,64,4,0.75,42,63882,63882.0,pending
exp1_vary_width_137_42,exp1_vary_width,mnist,lr,64,4,0.75,42,63882,63882.0,pending
exp1_vary_width_138_42,exp1_vary_width,mnist,lr,64,4,1.0,42,63882,63882.0,pending
exp1_vary_width_139_42,exp1_vary_width,mnist,lr,64,4,1.0,42,63882,63882.0,pending
exp1_vary_width_13_42,exp1_vary_width,mnist,lr,1,4,0.25,42,819,819.0,pending
exp1_vary_width_140_42,exp1_vary_width,mnist,lr,64,16,0.0,42,115338,115338.0,pending
exp1_vary_width_141_42,exp1_vary_width,mnist,lr,64,16,0.0,42,115338,115338.0,pending
exp1_vary_width_142_42,exp1_vary_width,mnist,lr,64,16,0.25,42,115338,115338.0,pending
exp1_vary_width_143_42,exp1_vary_width,mnist,lr,64,16,0.25,42,115338,115338.0,pending
exp1_vary_width_144_42,exp1_vary_width,mnist,lr,64,16,0.5,42,115338,115338.0,pending
exp1_vary_width_145_42,exp1_vary_width,mnist,lr,64,16,0.5,42,115338,115338.0,pending
exp1_vary_width_146_42,exp1_vary_width,mnist,lr,64,16,0.75,42,115338,115338.0,pending
exp1_vary_width_147_42,exp1_vary_width,mnist,lr,64,16,0.75,42,115338,115338.0,pending
exp1_vary_width_148_42,exp1_vary_width,mnist,lr,64,16,1.0,42,115338,115338.0,pending
exp1_vary_width_149_42,exp1_vary_width,mnist,lr,64,16,1.0,42,115338,115338.0,pending
exp1_vary_width_14_42,exp1_vary_width,mnist,lr,1,4,0.5,42,819,819.0,pending
exp1_vary_width_150_42,exp1_vary_width,mnist,lr,64,64,0.0,42,321162,321162.0,pending
exp1_vary_width_151_42,exp1_vary_width,mnist,lr,64,64,0.0,42,321162,321162.0,pending
exp1_vary_width_152_42,exp1_vary_width,mnist,lr,64,64,0.25,42,321162,321162.0,pending
exp1_vary_width_153_42,exp1_vary_width,mnist,lr,64,64,0.25,42,321162,321162.0,pending
exp1_vary_width_154_42,exp1_vary_width,mnist,lr,64,64,0.5,42,321162,321162.0,pending
exp1_vary_width_155_42,exp1_vary_width,mnist,lr,64,64,0.5,42,321162,321162.0,pending
exp1_vary_width_156_42,exp1_vary_width,mnist,lr,64,64,0.75,42,321162,321162.0,pending
exp1_vary_width_157_42,exp1_vary_width,mnist,lr,64,64,0.75,42,321162,321162.0,pending
exp1_vary_width_158_42,exp1_vary_width,mnist,lr,64,64,1.0,42,321162,321162.0,pending
exp1_vary_width_159_42,exp1_vary_width,mnist,lr,64,64,1.0,42,321162,321162.0,pending
exp1_vary_width_15_42,exp1_vary_width,mnist,lr,1,4,0.5,42,819,819.0,pending
exp1_vary_width_160_42,exp1_vary_width,cifar10,lr,1,1,0.0,42,3095,3095.0,pending
exp1_vary_width_161_42,exp1_vary_width,cifar10,lr,1,1,0.0,42,3095,3095.0,pending
exp1_vary_width_162_42,exp1_vary_width,cifar10,lr,1,1,0.25,42,3095,3095.0,pending
exp1_vary_width_163_42,exp1_vary_width,cifar10,lr,1,1,0.25,42,3095,3095.0,pending
exp1_vary_width_164_42,exp1_vary_width,cifar10,lr,1,1,0.5,42,3095,3095.0,pending
exp1_vary_width_165_42,exp1_vary_width,cifar10,lr,1,1,0.5,42,3095,3095.0,pending
exp1_vary_width_166_42,exp1_vary_width,cifar10,lr,1,1,0.75,42,3095,3095.0,pending
exp1_vary_width_167_42,exp1_vary_width,cifar10,lr,1,1,0.75,42,3095,3095.0,pending
exp1_vary_width_168_42,exp1_vary_width,cifar10,lr,1,1,1.0,42,3095,3095.0,pending
exp1_vary_width_169_42,exp1_vary_width,cifar10,lr,1,1,1.0,42,3095,3095.0,pending
exp1_vary_width_16_42,exp1_vary_width,mnist,lr,1,4,0.75,42,819,819.0,pending
exp1_vary_width_170_42,exp1_vary_width,cifar10,lr,1,4,0.0,42,3107,3107.0,pending
exp1_vary_width_171_42,exp1_vary_width,cifar10,lr,1,4,0.0,42,3107,3107.0,pending
exp1_vary_width_172_42,exp1_vary_width,cifar10,lr,1,4,0.25,42,3107,3107.0,pending
exp1_vary_width_173_42,exp1_vary_width,cifar10,lr,1,4,0.25,42,3107,3107.0,pending
exp1_vary_width_174_42,exp1_vary_width,cifar10,lr,1,4,0.5,42,3107,3107.0,pending
exp1_vary_width_175_42,exp1_vary_width,cifar10,lr,1,4,0.5,42,3107,3107.0,pending
exp1_vary_width_176_42,exp1_vary_width,cifar10,lr,1,4,0.75,42,3107,3107.0,pending
exp1_vary_width_177_42,exp1_vary_width,cifar10,lr,1,4,0.75,42,3107,3107.0,pending
exp1_vary_width_178_42,exp1_vary_width,cifar10,lr,1,4,1.0,42,3107,3107.0,pending
exp1_vary_width_179_42,exp1_vary_width,cifar10,lr,1,4,1.0,42,3107,3107.0,pending
exp1_vary_width_17_42,exp1_vary_width,mnist,lr,1,4,0.75,42,819,819.0,pending
exp1_vary_width_180_42,exp1_vary_width,cifar10,lr,1,16,0.0,42,3155,3155.0,pending
exp1_vary_width_181_42,exp1_vary_width,cifar10,lr,1,16,0.0,42,3155,3155.0,pending
exp1_vary_width_182_42,exp1_vary_width,cifar10,lr,1,16,0.25,42,3155,3155.0,pending
exp1_vary_width_183_42,exp1_vary_width,cifar10,lr,1,16,0.25,42,3155,3155.0,pending
exp1_vary_width_184_42,exp1_vary_width,cifar10,lr,1,16,0.5,42,3155,3155.0,pending
exp1_vary_width_185_42,exp1_vary_width,cifar10,lr,1,16,0.5,42,3155,3155.0,pending
exp1_vary_width_186_42,exp1_vary_width,cifar10,lr,1,16,0.75,42,3155,3155.0,pending
exp1_vary_width_187_42,exp1_vary_width,cifar10,lr,1,16,0.75,42,3155,3155.0,pending
exp1_vary_width_188_42,exp1_vary_width,cifar10,lr,1,16,1.0,42,3155,3155.0,pending
exp1_vary_width_189_42,exp1_vary_width,cifar10,lr,1,16,1.0,42,3155,3155.0,pending
exp1_vary_width_18_42,exp1_vary_width,mnist,lr,1,4,1.0,42,819,819.0,pending
exp1_vary_width_190_42,exp1_vary_width,cifar10,lr,1,64,0.0,42,3347,3347.0,pending
exp1_vary_width_191_42,exp1_vary_width,cifar10,lr,1,64,0.0,42,3347,3347.0,pending
exp1_vary_width_192_42,exp1_vary_width,cifar10,lr,1,64,0.25,42,3347,3347.0,pending
exp1_vary_width_193_42,exp1_vary_width,cifar10,lr,1,64,0.25,42,3347,3347.0,pending
exp1_vary_width_194_42,exp1_vary_width,cifar10,lr,1,64,0.5,42,3347,3347.0,pending
exp1_vary_width_195_42,exp1_vary_width,cifar10,lr,1,64,0.5,42,3347,3347.0,pending
exp1_vary_width_196_42,exp1_vary_width,cifar10,lr,1,64,0.75,42,3347,3347.0,pending
exp1_vary_width_197_42,exp1_vary_width,cifar10,lr,1,64,0.75,42,3347,3347.0,pending
exp1_vary_width_198_42,exp1_vary_width,cifar10,lr,1,64,1.0,42,3347,3347.0,pending
exp1_vary_width_199_42,exp1_vary_width,cifar10,lr,1,64,1.0,42,3347,3347.0,pending
exp1_vary_width_19_42,exp1_vary_width,mnist,lr,1,4,1.0,42,819,819.0,pending
exp1_vary_width_1_42,exp1_vary_width,mnist,lr,1,1,0.0,42,807,807.0,pending
exp1_vary_width_200_42,exp1_vary_width,cifar10,lr,4,1,0.0,42,12350,12350.0,pending
exp1_vary_width_201_42,exp1_vary_width,cifar10,lr,4,1,0.0,42,12350,12350.0,pending
exp1_vary_width_202_42,exp1_vary_width,cifar10,lr,4,1,0.25,42,12350,12350.0,pending
exp1_vary_width_203_42,exp1_vary_width,cifar10,lr,4,1,0.25,42,12350,12350.0,pending
exp1_vary_width_204_42,exp1_vary_width,cifar10,lr,4,1,0.5,42,12350,12350.0,pending
exp1_vary_width_205_42,exp1_vary_width,cifar10,lr,4,1,0.5,42,12350,12350.0,pending
exp1_vary_width_206_42,exp1_vary_width,cifar10,lr,4,1,0.75,42,12350,12350.0,pending
exp1_vary_width_207_42,exp1_vary_width,cifar10,lr,4,1,0.75,42,12350,12350.0,pending
exp1_vary_width_208_42,exp1_vary_width,cifar10,lr,4,1,1.0,42,12350,12350.0,pending
exp1_vary_width_209_42,exp1_vary_width,cifar10,lr,4,1,1.0,42,12350,12350.0,pending
exp1_vary_width_20_42,exp1_vary_width,mnist,lr,1,16,0.0,42,867,867.0,pending
exp1_vary_width_210_42,exp1_vary_width,cifar10,lr,4,4,0.0,42,12434,12434.0,pending
exp1_vary_width_211_42,exp1_vary_width,cifar10,lr,4,4,0.0,42,12434,12434.0,pending
exp1_vary_width_212_42,exp1_vary_width,cifar10,lr,4,4,0.25,42,12434,12434.0,pending
exp1_vary_width_213_42,exp1_vary_width,cifar10,lr,4,4,0.25,42,12434,12434.0,pending
exp1_vary_width_214_42,exp1_vary_width,cifar10,lr,4,4,0.5,42,12434,12434.0,pending
exp1_vary_width_215_42,exp1_vary_width,cifar10,lr,4,4,0.5,42,12434,12434.0,pending
exp1_vary_width_216_42,exp1_vary_width,cifar10,lr,4,4,0.75,42,12434,12434.0,pending
exp1_vary_width_217_42,exp1_vary_width,cifar10,lr,4,4,0.75,42,12434,12434.0,pending
exp1_vary_width_218_42,exp1_vary_width,cifar10,lr,4,4,1.0,42,12434,12434.0,pending
exp1_vary_width_219_42,exp1_vary_width,cifar10,lr,4,4,1.0,42,12434,12434.0,pending
exp1_vary_width_21_42,exp1_vary_width,mnist,lr,1,16,0.0,42,867,867.0,pending
exp1_vary_width_220_42,exp1_vary_width,cifar10,lr,4,16,0.0,42,12770,12770.0,pending
exp1_vary_width_221_42,exp1_vary_width,cifar10,lr,4,16,0.0,42,12770,12770.0,pending
exp1_vary_width_222_42,exp1_vary_width,cifar10,lr,4,16,0.25,42,12770,12770.0,pending
exp1_vary_width_223_42,exp1_vary_width,cifar10,lr,4,16,0.25,42,12770,12770.0,pending
exp1_vary_width_224_42,exp1_vary_width,cifar10,lr,4,16,0.5,42,12770,12770.0,pending
exp1_vary_width_225_42,exp1_vary_width,cifar10,lr,4,16,0.5,42,12770,12770.0,pending
exp1_vary_width_226_42,exp1_vary_width,cifar10,lr,4,16,0.75,42,12770,12770.0,pending
exp1_vary_width_227_42,exp1_vary_width,cifar10,lr,4,16,0.75,42,12770,12770.0,pending
exp1_vary_width_228_42,exp1_vary_width,cifar10,lr,4,16,1.0,42,12770,12770.0,pending
exp1_vary_width_229_42,exp1_vary_width,cifar10,lr,4,16,1.0,42,12770,12770.0,pending
exp1_vary_width_22_42,exp1_vary_width,mnist,lr,1,16,0.25,42,867,867.0,pending
exp1_vary_width_230_42,exp1_vary_width,cifar10,lr,4,64,0.0,42,14114,14114.0,pending
exp1_vary_width_231_42,exp1_vary_width,cifar10,lr,4,64,0.0,42,14114,14114.0,pending
exp1_vary_width_232_42,exp1_vary_width,cifar10,lr,4,64,0.25,42,14114,14114.0,pending
exp1_vary_width_233_42,exp1_vary_width,cifar10,lr,4,64,0.25,42,14114,14114.0,pending
exp1_vary_width_234_42,exp1_vary_width,cifar10,lr,4,64,0.5,42,14114,14114.0,pending
exp1_vary_width_235_42,exp1_vary_width,cifar10,lr,4,64,0.5,42,14114,14114.0,pending
exp1_vary_width_236_42,exp1_vary_width,cifar10,lr,4,64,0.75,42,14114,14114.0,pending
exp1_vary_width_237_42,exp1_vary_width,cifar10,lr,4,64,0.75,42,14114,14114.0,pending
exp1_vary_width_238_42,exp1_vary_width,cifar10,lr,4,64,1.0,42,14114,14114.0,pending
exp1_vary_width_239_42,exp1_vary_width,cifar10,lr,4,64,1.0,42,14114,14114.0,pending
exp1_vary_width_23_42,exp1_vary_width,mnist,lr,1,16,0.25,42,867,867.0,pending
exp1_vary_width_240_42,exp1_vary_width,cifar10,lr,16,1,0.0,42,49370,49370.0,pending
exp1_vary_width_241_42,exp1_vary_width,cifar10,lr,16,1,0.0,42,49370,49370.0,pending
exp1_vary_width_242_42,exp1_vary_width,cifar10,lr,16,1,0.25,42,49370,49370.0,pending
exp1_vary_width_243_42,exp1_vary_width,cifar10,lr,16,1,0.25,42,49370,49370.0,pending
exp1_vary_width_244_42,exp1_vary_width,cifar10,lr,16,1,0.5,42,49370,49370.0,pending
exp1_vary_width_245_42,exp1_vary_width,cifar10,lr,16,1,0.5,42,49370,49370.0,pending
exp1_vary_width_246_42,exp1_vary_width,cifar10,lr,16,1,0.75,42,49370,49370.0,pending
exp1_vary_width_247_42,exp1_vary_width,cifar10,lr,16,1,0.75,42,49370,49370.0,pending
exp1_vary_width_248_42,exp1_vary_width,cifar10,lr,16,1,1.0,42,49370,49370.0,pending
exp1_vary_width_249_42,exp1_vary_width,cifar10,lr,16,1,1.0,42,49370,49370.0,pending
exp1_vary_width_24_42,exp1_vary_width,mnist,lr,1,16,0.5,42,867,867.0,pending
exp1_vary_width_250_42,exp1_vary_width,cifar10,lr,16,4,0.0,42,50282,50282.0,pending
exp1_vary_width_251_42,exp1_vary_width,cifar10,lr,16,4,0.0,42,50282,50282.0,pending
exp1_vary_width_252_42,exp1_vary_width,cifar10,lr,16,4,0.25,42,50282,50282.0,pending
exp1_vary_width_253_42,exp1_vary_width,cifar10,lr,16,4,0.25,42,50282,50282.0,pending
exp1_vary_width_254_42,exp1_vary_width,cifar10,lr,16,4,0.5,42,50282,50282.0,pending
exp1_vary_width_255_42,exp1_vary_width,cifar10,lr,16,4,0.5,42,50282,50282.0,pending
exp1_vary_width_256_42,exp1_vary_width,cifar10,lr,16,4,0.75,42,50282,50282.0,pending
exp1_vary_width_257_42,exp1_vary_width,cifar10,lr,16,4,0.75,42,50282,50282.0,pending
exp1_vary_width_258_42,exp1_vary_width,cifar10,lr,16,4,1.0,42,50282,50282.0,pending
exp1_vary_width_259_42,exp1_vary_width,cifar10,lr,16,4,1.0,42,50282,50282.0,pending
exp1_vary_width_25_42,exp1_vary_width,mnist,lr,1,16,0.5,42,867,867.0,pending
exp1_vary_width_260_42,exp1_vary_width,cifar10,lr,16,16,0.0,42,53930,53930.0,pending
exp1_vary_width_261_42,exp1_vary_width,cifar10,lr,16,16,0.0,42,53930,53930.0,pending
exp1_vary_width_262_42,exp1_vary_width,cifar10,lr,16,16,0.25,42,53930,53930.0,pending
exp1_vary_width_263_42,exp1_vary_width,cifar10,lr,16,16,0.25,42,53930,53930.0,pending
exp1_vary_width_264_42,exp1_vary_width,cifar10,lr,16,16,0.5,42,53930,53930.0,pending
exp1_vary_width_265_42,exp1_vary_width,cifar10,lr,16,16,0.5,42,53930,53930.0,pending
exp1_vary_width_266_42,exp1_vary_width,cifar10,lr,16,16,0.75,42,53930,53930.0,pending
exp1_vary_width_267_42,exp1_vary_width,cifar10,lr,16,16,0.75,42,53930,53930.0,pending
exp1_vary_width_268_42,exp1_vary_width,cifar10,lr,16,16,1.0,42,53930,53930.0,pending
exp1_vary_width_269_42,exp1_vary_width,cifar10,lr,16,16,1.0,42,53930,53930.0,pending
exp1_vary_width_26_42,exp1_vary_width,mnist,lr,1,16,0.75,42,867,867.0,pending
exp1_vary_width_270_42,exp1_vary_width,cifar10,lr,16,64,0.0,42,68522,68522.0,pending
exp1_vary_width_271_42,exp1_vary_width,cifar10,lr,16,64,0.0,42,68522,68522.0,pending
exp1_vary_width_272_42,exp1_vary_width,cifar10,lr,16,64,0.25,42,68522,68522.0,pending
exp1_vary_width_273_42,exp1_vary_width,cifar10,lr,16,64,0.25,42,68522,68522.0,pending
exp1_vary_width_274_42,exp1_vary_width,cifar10,lr,16,64,0.5,42,68522,68522.0,pending
exp1_vary_width_275_42,exp1_vary_width,cifar10,lr,16,64,0.5,42,68522,68522.0,pending
exp1_vary_width_276_42,exp1_vary_width,cifar10,lr,16,64,0.75,42,68522,68522.0,pending
exp1_vary_width_277_42,exp1_vary_width,cifar10,lr,16,64,0.75,42,68522,68522.0,pending
exp1_vary_width_278_42,exp1_vary_width,cifar10,lr,16,64,1.0,42,68522,68522.0,pending
exp1_vary_width_279_42,exp1_vary_width,cifar10,lr,16,64,1.0,42,68522,68522.0,pending
exp1_vary_width_27_42,exp1_vary_width,mnist,lr,1,16,0.75,42,867,867.0,pending
exp1_vary_width_280_42,exp1_vary_width,cifar10,lr,64,1,0.0,42,197450,197450.0,pending
exp1_vary_width_281_42,exp1_vary_width,cifar10,lr,64,1,0.0,42,197450,197450.0,pending
exp1_vary_width_282_42,exp1_vary_width,cifar10,lr,64,1,0.25,42,197450,197450.0,pending
exp1_vary_width_283_42,exp1_vary_width,cifar10,lr,64,1,0.25,42,197450,197450.0,pending
exp1_vary_width_284_42,exp1_vary_width,cifar10,lr,64,1,0.5,42,197450,197450.0,pending
exp1_vary_width_285_42,exp1_vary_width,cifar10,lr,64,1,0.5,42,197450,197450.0,pending
exp1_vary_width_286_42,exp1_vary_width,cifar10,lr,64,1,0.75,42,197450,197450.0,pending
exp1_vary_width_287_42,exp1_vary_width,cifar10,lr,64,1,0.75,42,197450,197450.0,pending
exp1_vary_width_288_42,exp1_vary_width,cifar10,lr,64,1,1.0,42,197450,197450.0,pending
exp1_vary_width_289_42,exp1_vary_width,cifar10,lr,64,1,1.0,42,197450,197450.0,pending
exp1_vary_width_28_42,exp1_vary_width,mnist,lr,1,16,1.0,42,867,867.0,pending
exp1_vary_width_290_42,exp1_vary_width,cifar10,lr,64,4,0.0,42,210314,210314.0,pending
exp1_vary_width_291_42,exp1_vary_width,cifar10,lr,64,4,0.0,42,210314,210314.0,pending
exp1_vary_width_292_42,exp1_vary_width,cifar10,lr,64,4,0.25,42,210314,210314.0,pending
exp1_vary_width_293_42,exp1_vary_width,cifar10,lr,64,4,0.25,42,210314,210314.0,pending
exp1_vary_width_294_42,exp1_vary_width,cifar10,lr,64,4,0.5,42,210314,210314.0,pending
exp1_vary_width_295_42,exp1_vary_width,cifar10,lr,64,4,0.5,42,210314,210314.0,pending
exp1_vary_width_296_42,exp1_vary_width,cifar10,lr,64,4,0.75,42,210314,210314.0,pending
exp1_vary_width_297_42,exp1_vary_width,cifar10,lr,64,4,0.75,42,210314,210314.0,pending
exp1_vary_width_298_42,exp1_vary_width,cifar10,lr,64,4,1.0,42,210314,210314.0,pending
exp1_vary_width_299_42,exp1_vary_width,cifar10,lr,64,4,1.0,42,210314,210314.0,pending
exp1_vary_width_29_42,exp1_vary_width,mnist,lr,1,16,1.0,42,867,867.0,pending
exp1_vary_width_2_42,exp1_vary_width,mnist,lr,1,1,0.25,42,807,807.0,pending
exp1_vary_width_300_42,exp1_vary_width,cifar10,lr,64,16,0.0,42,261770,261770.0,pending
exp1_vary_width_301_42,exp1_vary_width,cifar10,lr,64,16,0.0,42,261770,261770.0,pending
exp1_vary_width_302_42,exp1_vary_width,cifar10,lr,64,16,0.25,42,261770,261770.0,pending
exp1_vary_width_303_42,exp1_vary_width,cifar10,lr,64,16,0.25,42,261770,261770.0,pending
exp1_vary_width_304_42,exp1_vary_width,cifar10,lr,64,16,0.5,42,261770,261770.0,pending
exp1_vary_width_305_42,exp1_vary_width,cifar10,lr,64,16,0.5,42,261770,261770.0,pending
exp1_vary_width_306_42,exp1_vary_width,cifar10,lr,64,16,0.75,42,261770,261770.0,pending
exp1_vary_width_307_42,exp1_vary_width,cifar10,lr,64,16,0.75,42,261770,261770.0,pending
exp1_vary_width_308_42,exp1_vary_width,cifar10,lr,64,16,1.0,42,261770,261770.0,pending
exp1_vary_width_309_42,exp1_vary_width,cifar10,lr,64,16,1.0,42,261770,261770.0,pending
exp1_vary_width_30_42,exp1_vary_width,mnist,lr,1,64,0.0,42,1059,1059.0,pending
exp1_vary_width_310_42,exp1_vary_width,cifar10,lr,64,64,0.0,42,467594,467594.0,pending
exp1_vary_width_311_42,exp1_vary_width,cifar10,lr,64,64,0.0,42,467594,467594.0,pending
exp1_vary_width_312_42,exp1_vary_width,cifar10,lr,64,64,0.25,42,467594,467594.0,pending
exp1_vary_width_313_42,exp1_vary_width,cifar10,lr,64,64,0.25,42,467594,467594.0,pending
exp1_vary_width_314_42,exp1_vary_width,cifar10,lr,64,64,0.5,42,467594,467594.0,pending
exp1_vary_width_315_42,exp1_vary_width,cifar10,lr,64,64,0.5,42,467594,467594.0,pending
exp1_vary_width_316_42,exp1_vary_width,cifar10,lr,64,64,0.75,42,467594,467594.0,pending
exp1_vary_width_317_42,exp1_vary_width,cifar10,lr,64,64,0.75,42,467594,467594.0,pending
exp1_vary_width_318_42,exp1_vary_width,cifar10,lr,64,64,1.0,42,467594,467594.0,pending
exp1_vary_width_319_42,exp1_vary_width,cifar10,lr,64,64,1.0,42,467594,467594.0,pending
exp1_vary_width_31_42,exp1_vary_width,mnist,lr,1,64,0.0,42,1059,1059.0,pending
exp1_vary_width_320_42,exp1_vary_width,mnist,cnn,1,1,0.0,42,7862,23586.0,pending
exp1_vary_width_321_42,exp1_vary_width,mnist,cnn,1,1,0.0,42,7862,23586.0,pending
exp1_vary_width_322_42,exp1_vary_width,mnist,cnn,1,1,0.25,42,7862,23586.0,pending
exp1_vary_width_323_42,exp1_vary_width,mnist,cnn,1,1,0.25,42,7862,23586.0,pending
exp1_vary_width_324_42,exp1_vary_width,mnist,cnn,1,1,0.5,42,7862,23586.0,pending
exp1_vary_width_325_42,exp1_vary_width,mnist,cnn,1,1,0.5,42,7862,23586.0,pending
exp1_vary_width_326_42,exp1_vary_width,mnist,cnn,1,1,0.75,42,7862,23586.0,pending
exp1_vary_width_327_42,exp1_vary_width,mnist,cnn,1,1,0.75,42,7862,23586.0,pending
exp1_vary_width_328_42,exp1_vary_width,mnist,cnn,1,1,1.0,42,7862,23586.0,pending
exp1_vary_width_329_42,exp1_vary_width,mnist,cnn,1,1,1.0,42,7862,23586.0,pending
exp1_vary_width_32_42,exp1_vary_width,mnist,lr,1,64,0.25,42,1059,1059.0,pending
exp1_vary_width_330_42,exp1_vary_width,mnist,cnn,1,4,0.0,42,548,1644.0,pending
exp1_vary_width_331_42,exp1_vary_width,mnist,cnn,1,4,0.0,42,548,1644.0,pending
exp1_vary_width_332_42,exp1_vary_width,mnist,cnn,1,4,0.25,42,548,1644.0,pending
exp1_vary_width_333_42,exp1_vary_width,mnist,cnn,1,4,0.25,42,548,1644.0,pending
exp1_vary_width_334_42,exp1_vary_width,mnist,cnn,1,4,0.5,42,548,1644.0,pending
exp1_vary_width_335_42,exp1_vary_width,mnist,cnn,1,4,0.5,42,548,1644.0,pending
exp1_vary_width_336_42,exp1_vary_width,mnist,cnn,1,4,0.75,42,548,1644.0,pending
exp1_vary_width_337_42,exp1_vary_width,mnist,cnn,1,4,0.75,42,548,1644.0,pending
exp1_vary_width_338_42,exp1_vary_width,mnist,cnn,1,4,1.0,42,548,1644.0,pending
exp1_vary_width_339_42,exp1_vary_width,mnist,cnn,1,4,1.0,42,548,1644.0,pending
exp1_vary_width_33_42,exp1_vary_width,mnist,lr,1,64,0.25,42,1059,1059.0,pending
exp1_vary_width_340_42,exp1_vary_width,mnist,cnn,1,16,0.0,42,212,636.0,pending
exp1_vary_width_341_42,exp1_vary_width,mnist,cnn,1,16,0.0,42,212,636.0,pending
exp1_vary_width_342_42,exp1_vary_width,mnist,cnn,1,16,0.25,42,212,636.0,pending
exp1_vary_width_343_42,exp1_vary_width,mnist,cnn,1,16,0.25,42,212,636.0,pending
exp1_vary_width_344_42,exp1_vary_width,mnist,cnn,1,16,0.5,42,212,636.0,pending
exp1_vary_width_345_42,exp1_vary_width,mnist,cnn,1,16,0.5,42,212,636.0,pending
exp1_vary_width_346_42,exp1_vary_width,mnist,cnn,1,16,0.75,42,212,636.0,pending
exp1_vary_width_347_42,exp1_vary_width,mnist,cnn,1,16,0.75,42,212,636.0,pending
exp1_vary_width_348_42,exp1_vary_width,mnist,cnn,1,16,1.0,42,212,636.0,pending
exp1_vary_width_349_42,exp1_vary_width,mnist,cnn,1,16,1.0,42,212,636.0,pending
exp1_vary_width_34_42,exp1_vary_width,mnist,lr,1,64,0.5,42,1059,1059.0,pending
exp1_vary_width_350_42,exp1_vary_width,mnist,cnn,1,64,0.0,42,788,2364.0,pending
exp1_vary_width_351_42,exp1_vary_width,mnist,cnn,1,64,0.0,42,788,2364.0,pending
exp1_vary_width_352_42,exp1_vary_width,mnist,cnn,1,64,0.25,42,788,2364.0,pending
exp1_vary_width_353_42,exp1_vary_width,mnist,cnn,1,64,0.25,42,788,2364.0,pending
exp1_vary_width_354_42,exp1_vary_width,mnist,cnn,1,64,0.5,42,788,2364.0,pending
exp1_vary_width_355_42,exp1_vary_width,mnist,cnn,1,64,0.5,42,788,2364.0,pending
exp1_vary_width_356_42,exp1_vary_width,mnist,cnn,1,64,0.75,42,788,2364.0,pending
exp1_vary_width_357_42,exp1_vary_width,mnist,cnn,1,64,0.75,42,788,2364.0,pending
exp1_vary_width_358_42,exp1_vary_width,mnist,cnn,1,64,1.0,42,788,2364.0,pending
exp1_vary_width_359_42,exp1_vary_width,mnist,cnn,1,64,1.0,42,788,2364.0,pending
exp1_vary_width_35_42,exp1_vary_width,mnist,lr,1,64,0.5,42,1059,1059.0,pending
exp1_vary_width_360_42,exp1_vary_width,mnist,cnn,4,1,0.0,42,31418,94254.0,pending
exp1_vary_width_361_42,exp1_vary_width,mnist,cnn,4,1,0.0,42,31418,94254.0,pending
exp1_vary_width_362_42,exp1_vary_width,mnist,cnn,4,1,0.25,42,31418,94254.0,pending
exp1_vary_width_363_42,exp1_vary_width,mnist,cnn,4,1,0.25,42,31418,94254.0,pending
exp1_vary_width_364_42,exp1_vary_width,mnist,cnn,4,1,0.5,42,31418,94254.0,pending
exp1_vary_width_365_42,exp1_vary_width,mnist,cnn,4,1,0.5,42,31418,94254.0,pending
exp1_vary_width_366_42,exp1_vary_width,mnist,cnn,4,1,0.75,42,31418,94254.0,pending
exp1_vary_width_367_42,exp1_vary_width,mnist,cnn,4,1,0.75,42,31418,94254.0,pending
exp1_vary_width_368_42,exp1_vary_width,mnist,cnn,4,1,1.0,42,31418,94254.0,pending
exp1_vary_width_369_42,exp1_vary_width,mnist,cnn,4,1,1.0,42,31418,94254.0,pending
exp1_vary_width_36_42,exp1_vary_width,mnist,lr,1,64,0.75,42,1059,1059.0,pending
exp1_vary_width_370_42,exp1_vary_width,mnist,cnn,4,4,0.0,42,2486,7458.0,pending
exp1_vary_width_371_42,exp1_vary_width,mnist,cnn,4,4,0.0,42,2486,7458.0,pending
exp1_vary_width_372_42,exp1_vary_width,mnist,cnn,4,4,0.25,42,2486,7458.0,pending
exp1_vary_width_373_42,exp1_vary_width,mnist,cnn,4,4,0.25,42,2486,7458.0,pending
exp1_vary_width_374_42,exp1_vary_width,mnist,cnn,4,4,0.5,42,2486,7458.0,pending
exp1_vary_width_375_42,exp1_vary_width,mnist,cnn,4,4,0.5,42,2486,7458.0,pending
exp1_vary_width_376_42,exp1_vary_width,mnist,cnn,4,4,0.75,42,2486,7458.0,pending
exp1_vary_width_377_42,exp1_vary_width,mnist,cnn,4,4,0.75,42,2486,7458.0,pending
exp1_vary_width_378_42,exp1_vary_width,mnist,cnn,4,4,1.0,42,2486,7458.0,pending
exp1_vary_width_379_42,exp1_vary_width,mnist,cnn,4,4,1.0,42,2486,7458.0,pending
exp1_vary_width_37_42,exp1_vary_width,mnist,lr,1,64,0.75,42,1059,1059.0,pending
exp1_vary_width_380_42,exp1_vary_width,mnist,cnn,4,16,0.0,42,2438,7314.0,pending
exp1_vary_width_381_42,exp1_vary_width,mnist,cnn,4,16,0.0,42,2438,7314.0,pending
exp1_vary_width_382_42,exp1_vary_width,mnist,cnn,4,16,0.25,42,2438,7314.0,pending
exp1_vary_width_383_42,exp1_vary_width,mnist,cnn,4,16,0.25,42,2438,7314.0,pending
exp1_vary_width_384_42,exp1_vary_width,mnist,cnn,4,16,0.5,42,2438,7314.0,pending
exp1_vary_width_385_42,exp1_vary_width,mnist,cnn,4,16,0.5,42,2438,7314.0,pending
exp1_vary_width_386_42,exp1_vary_width,mnist,cnn,4,16,0.75,42,2438,7314.0,pending
exp1_vary_width_387_42,exp1_vary_width,mnist,cnn,4,16,0.75,42,2438,7314.0,pending
exp1_vary_width_388_42,exp1_vary_width,mnist,cnn,4,16,1.0,42,2438,7314.0,pending
exp1_vary_width_389_42,exp1_vary_width,mnist,cnn,4,16,1.0,42,2438,7314.0,pending
exp1_vary_width_38_42,exp1_vary_width,mnist,lr,1,64,1.0,42,1059,1059.0,pending
exp1_vary_width_390_42,exp1_vary_width,mnist,cnn,4,64,0.0,42,9926,29778.0,pending
exp1_vary_width_391_42,exp1_vary_width,mnist,cnn,4,64,0.0,42,9926,29778.0,pending
exp1_vary_width_392_42,exp1_vary_width,mnist,cnn,4,64,0.25,42,9926,29778.0,pending
exp1_vary_width_393_42,exp1_vary_width,mnist,cnn,4,64,0.25,42,9926,29778.0,pending
exp1_vary_width_394_42,exp1_vary_width,mnist,cnn,4,64,0.5,42,9926,29778.0,pending
exp1_vary_width_395_42,exp1_vary_width,mnist,cnn,4,64,0.5,42,9926,29778.0,pending
exp1_vary_width_396_42,exp1_vary_width,mnist,cnn,4,64,0.75,42,9926,29778.0,pending
exp1_vary_width_397_42,exp1_vary_width,mnist,cnn,4,64,0.75,42,9926,29778.0,pending
exp1_vary_width_398_42,exp1_vary_width,mnist,cnn,4,64,1.0,42,9926,29778.0,pending
exp1_vary_width_399_42,exp1_vary_width,mnist,cnn,4,64,1.0,42,9926,29778.0,pending
exp1_vary_width_39_42,exp1_vary_width,mnist,lr,1,64,1.0,42,1059,1059.0,pending
exp1_vary_width_3_42,exp1_vary_width,mnist,lr,1,1,0.25,42,807,807.0,pending
exp1_vary_width_400_42,exp1_vary_width,mnist,cnn,16,1,0.0,42,125642,376926.0,pending
exp1_vary_width_401_42,exp1_vary_width,mnist,cnn,16,1,0.0,42,125642,376926.0,pending
exp1_vary_width_402_42,exp1_vary_width,mnist,cnn,16,1,0.25,42,125642,376926.0,pending
exp1_vary_width_403_42,exp1_vary_width,mnist,cnn,16,1,0.25,42,125642,376926.0,pending
exp1_vary_width_404_42,exp1_vary_width,mnist,cnn,16,1,0.5,42,125642,376926.0,pending
exp1_vary_width_405_42,exp1_vary_width,mnist,cnn,16,1,0.5,42,125642,376926.0,pending
exp1_vary_width_406_42,exp1_vary_width,mnist,cnn,16,1,0.75,42,125642,376926.0,pending
exp1_vary_width_407_42,exp1_vary_width,mnist,cnn,16,1,0.75,42,125642,376926.0,pending
exp1_vary_width_408_42,exp1_vary_width,mnist,cnn,16,1,1.0,42,125642,376926.0,pending
exp1_vary_width_409_42,exp1_vary_width,mnist,cnn,16,1,1.0,42,125642,376926.0,pending
exp1_vary_width_40_42,exp1_vary_width,mnist,lr,4,1,0.0,42,3198,3198.0,pending
exp1_vary_width_410_42,exp1_vary_width,mnist,cnn,16,4,0.0,42,15098,45294.0,pending
exp1_vary_width_411_42,exp1_vary_width,mnist,cnn,16,4,0.0,42,15098,45294.0,pending
exp1_vary_width_412_42,exp1_vary_width,mnist,cnn,16,4,0.25,42,15098,45294.0,pending
exp1_vary_width_413_42,exp1_vary_width,mnist,cnn,16,4,0.25,42,15098,45294.0,pending
exp1_vary_width_414_42,exp1_vary_width,mnist,cnn,16,4,0.5,42,15098,45294.0,pending
exp1_vary_width_415_42,exp1_vary_width,mnist,cnn,16,4,0.5,42,15098,45294.0,pending
exp1_vary_width_416_42,exp1_vary_width,mnist,cnn,16,4,0.75,42,15098,45294.0,pending
exp1_vary_width_417_42,exp1_vary_width,mnist,cnn,16,4,0.75,42,15098,45294.0,pending
exp1_vary_width_418_42,exp1_vary_width,mnist,cnn,16,4,1.0,42,15098,45294.0,pending
exp1_vary_width_419_42,exp1_vary_width,mnist,cnn,16,4,1.0,42,15098,45294.0,pending
exp1_vary_width_41_42,exp1_vary_width,mnist,lr,4,1,0.0,42,3198,3198.0,pending
exp1_vary_width_420_42,exp1_vary_width,mnist,cnn,16,16,0.0,42,35642,106926.0,pending
exp1_vary_width_421_42,exp1_vary_width,mnist,cnn,16,16,0.0,42,35642,106926.0,pending
exp1_vary_width_422_42,exp1_vary_width,mnist,cnn,16,16,0.25,42,35642,106926.0,pending
exp1_vary_width_423_42,exp1_vary_width,mnist,cnn,16,16,0.25,42,35642,106926.0,pending
exp1_vary_width_424_42,exp1_vary_width,mnist,cnn,16,16,0.5,42,35642,106926.0,pending
exp1_vary_width_425_42,exp1_vary_width,mnist,cnn,16,16,0.5,42,35642,106926.0,pending
exp1_vary_width_426_42,exp1_vary_width,mnist,cnn,16,16,0.75,42,35642,106926.0,pending
exp1_vary_width_427_42,exp1_vary_width,mnist,cnn,16,16,0.75,42,35642,106926.0,pending
exp1_vary_width_428_42,exp1_vary_width,mnist,cnn,16,16,1.0,42,35642,106926.0,pending
exp1_vary_width_429_42,exp1_vary_width,mnist,cnn,16,16,1.0,42,35642,106926.0,pending
exp1_vary_width_42_42,exp1_vary_width,mnist,lr,4,1,0.25,42,3198,3198.0,pending
exp1_vary_width_430_42,exp1_vary_width,mnist,cnn,16,64,0.0,42,148538,445614.0,pending
exp1_vary_width_431_42,exp1_vary_width,mnist,cnn,16,64,0.0,42,148538,445614.0,pending
exp1_vary_width_432_42,exp1_vary_width,mnist,cnn,16,64,0.25,42,148538,445614.0,pending
exp1_vary_width_433_42,exp1_vary_width,mnist,cnn,16,64,0.25,42,148538,445614.0,pending
exp1_vary_width_434_42,exp1_vary_width,mnist,cnn,16,64,0.5,42,148538,445614.0,pending
exp1_vary_width_435_42,exp1_vary_width,mnist,cnn,16,64,0.5,42,148538,445614.0,pending
exp1_vary_width_436_42,exp1_vary_width,mnist,cnn,16,64,0.75,42,148538,445614.0,pending
exp1_vary_width_437_42,exp1_vary_width,mnist,cnn,16,64,0.75,42,148538,445614.0,pending
exp1_vary_width_438_42,exp1_vary_width,mnist,cnn,16,64,1.0,42,148538,445614.0,pending
exp1_vary_width_439_42,exp1_vary_width,mnist,cnn,16,64,1.0,42,148538,445614.0,pending
exp1_vary_width_43_42,exp1_vary_width,mnist,lr,4,1,0.25,42,3198,3198.0,pending
exp1_vary_width_440_42,exp1_vary_width,mnist,cnn,64,1,0.0,42,502538,1507614.0,pending
exp1_vary_width_441_42,exp1_vary_width,mnist,cnn,64,1,0.0,42,502538,1507614.0,pending
exp1_vary_width_442_42,exp1_vary_width,mnist,cnn,64,1,0.25,42,502538,1507614.0,pending
exp1_vary_width_443_42,exp1_vary_width,mnist,cnn,64,1,0.25,42,502538,1507614.0,pending
exp1_vary_width_444_42,exp1_vary_width,mnist,cnn,64,1,0.5,42,502538,1507614.0,pending
exp1_vary_width_445_42,exp1_vary_width,mnist,cnn,64,1,0.5,42,502538,1507614.0,pending
exp1_vary_width_446_42,exp1_vary_width,mnist,cnn,64,1,0.75,42,502538,1507614.0,pending
exp1_vary_width_447_42,exp1_vary_width,mnist,cnn,64,1,0.75,42,502538,1507614.0,pending
exp1_vary_width_448_42,exp1_vary_width,mnist,cnn,64,1,1.0,42,502538,1507614.0,pending
exp1_vary_width_449_42,exp1_vary_width,mnist,cnn,64,1,1.0,42,502538,1507614.0,pending
exp1_vary_width_44_42,exp1_vary_width,mnist,lr,4,1,0.5,42,3198,3198.0,pending
exp1_vary_width_450_42,exp1_vary_width,mnist,cnn,64,4,0.0,42,143306,429918.0,pending
exp1_vary_width_451_42,exp1_vary_width,mnist,cnn,64,4,0.0,42,143306,429918.0,pending
exp1_vary_width_452_42,exp1_vary_width,mnist,cnn,64,4,0.25,42,143306,429918.0,pending
exp1_vary_width_453_42,exp1_vary_width,mnist,cnn,64,4,0.25,42,143306,429918.0,pending
exp1_vary_width_454_42,exp1_vary_width,mnist,cnn,64,4,0.5,42,143306,429918.0,pending
exp1_vary_width_455_42,exp1_vary_width,mnist,cnn,64,4,0.5,42,143306,429918.0,pending
exp1_vary_width_456_42,exp1_vary_width,mnist,cnn,64,4,0.75,42,143306,429918.0,pending
exp1_vary_width_457_42,exp1_vary_width,mnist,cnn,64,4,0.75,42,143306,429918.0,pending
exp1_vary_width_458_42,exp1_vary_width,mnist,cnn,64,4,1.0,42,143306,429918.0,pending
exp1_vary_width_459_42,exp1_vary_width,mnist,cnn,64,4,1.0,42,143306,429918.0,pending
exp1_vary_width_45_42,exp1_vary_width,mnist,lr,4,1,0.5,42,3198,3198.0,pending
exp1_vary_width_460_42,exp1_vary_width,mnist,cnn,64,16,0.0,42,557258,1671774.0,pending
exp1_vary_width_461_42,exp1_vary_width,mnist,cnn,64,16,0.0,42,557258,1671774.0,pending
exp1_vary_width_462_42,exp1_vary_width,mnist,cnn,64,16,0.25,42,557258,1671774.0,pending
exp1_vary_width_463_42,exp1_vary_width,mnist,cnn,64,16,0.25,42,557258,1671774.0,pending
exp1_vary_width_464_42,exp1_vary_width,mnist,cnn,64,16,0.5,42,557258,1671774.0,pending
exp1_vary_width_465_42,exp1_vary_width,mnist,cnn,64,16,0.5,42,557258,1671774.0,pending
exp1_vary_width_466_42,exp1_vary_width,mnist,cnn,64,16,0.75,42,557258,1671774.0,pending
exp1_vary_width_467_42,exp1_vary_width,mnist,cnn,64,16,0.75,42,557258,1671774.0,pending
exp1_vary_width_468_42,exp1_vary_width,mnist,cnn,64,16,1.0,42,557258,1671774.0,pending
exp1_vary_width_469_42,exp1_vary_width,mnist,cnn,64,16,1.0,42,557258,1671774.0,pending
exp1_vary_width_46_42,exp1_vary_width,mnist,lr,4,1,0.75,42,3198,3198.0,pending
exp1_vary_width_470_42,exp1_vary_width,mnist,cnn,64,64,0.0,42,2335946,7007838.0,pending
exp1_vary_width_471_42,exp1_vary_width,mnist,cnn,64,64,0.0,42,2335946,7007838.0,pending
exp1_vary_width_472_42,exp1_vary_width,mnist,cnn,64,64,0.25,42,2335946,7007838.0,pending
exp1_vary_width_473_42,exp1_vary_width,mnist,cnn,64,64,0.25,42,2335946,7007838.0,pending
exp1_vary_width_474_42,exp1_vary_width,mnist,cnn,64,64,0.5,42,2335946,7007838.0,pending
exp1_vary_width_475_42,exp1_vary_width,mnist,cnn,64,64,0.5,42,2335946,7007838.0,pending
exp1_vary_width_476_42,exp1_vary_width,mnist,cnn,64,64,0.75,42,2335946,7007838.0,pending
exp1_vary_width_477_42,exp1_vary_width,mnist,cnn,64,64,0.75,42,2335946,7007838.0,pending
exp1_vary_width_478_42,exp1_vary_width,mnist,cnn,64,64,1.0,42,2335946,7007838.0,pending
exp1_vary_width_479_42,exp1_vary_width,mnist,cnn,64,64,1.0,42,2335946,7007838.0,pending
exp1_vary_width_47_42,exp1_vary_width,mnist,lr,4,1,0.75,42,3198,3198.0,pending
exp1_vary_width_480_42,exp1_vary_width,cifar10,cnn,1,1,0.0,42,10280,30840.0,pending
exp1_vary_width_481_42,exp1_vary_width,cifar10,cnn,1,1,0.0,42,10280,30840.0,pending
exp1_vary_width_482_42,exp1_vary_width,cifar10,cnn,1,1,0.25,42,10280,30840.0,pending
exp1_vary_width_483_42,exp1_vary_width,cifar10,cnn,1,1,0.25,42,10280,30840.0,pending
exp1_vary_width_484_42,exp1_vary_width,cifar10,cnn,1,1,0.5,42,10280,30840.0,pending
exp1_vary_width_485_42,exp1_vary_width,cifar10,cnn,1,1,0.5,42,10280,30840.0,pending
exp1_vary_width_486_42,exp1_vary_width,cifar10,cnn,1,1,0.75,42,10280,30840.0,pending
exp1_vary_width_487_42,exp1_vary_width,cifar10,cnn,1,1,0.75,42,10280,30840.0,pending
exp1_vary_width_488_42,exp1_vary_width,cifar10,cnn,1,1,1.0,42,10280,30840.0,pending
exp1_vary_width_489_42,exp1_vary_width,cifar10,cnn,1,1,1.0,42,10280,30840.0,pending
exp1_vary_width_48_42,exp1_vary_width,mnist,lr,4,1,1.0,42,3198,3198.0,pending
exp1_vary_width_490_42,exp1_vary_width,cifar10,cnn,1,4,0.0,42,716,2148.0,pending
exp1_vary_width_491_42,exp1_vary_width,cifar10,cnn,1,4,0.0,42,716,2148.0,pending
exp1_vary_width_492_42,exp1_vary_width,cifar10,cnn,1,4,0.25,42,716,2148.0,pending
exp1_vary_width_493_42,exp1_vary_width,cifar10,cnn,1,4,0.25,42,716,2148.0,pending
exp1_vary_width_494_42,exp1_vary_width,cifar10,cnn,1,4,0.5,42,716,2148.0,pending
exp1_vary_width_495_42,exp1_vary_width,cifar10,cnn,1,4,0.5,42,716,2148.0,pending
exp1_vary_width_496_42,exp1_vary_width,cifar10,cnn,1,4,0.75,42,716,2148.0,pending
exp1_vary_width_497_42,exp1_vary_width,cifar10,cnn,1,4,0.75,42,716,2148.0,pending
exp1_vary_width_498_42,exp1_vary_width,cifar10,cnn,1,4,1.0,42,716,2148.0,pending
exp1_vary_width_499_42,exp1_vary_width,cifar10,cnn,1,4,1.0,42,716,2148.0,pending
exp1_vary_width_49_42,exp1_vary_width,mnist,lr,4,1,1.0,42,3198,3198.0,pending
exp1_vary_width_4_42,exp1_vary_width,mnist,lr,1,1,0.5,42,807,807.0,pending
exp1_vary_width_500_42,exp1_vary_width,cifar10,cnn,1,16,0.0,42,230,690.0,pending
exp1_vary_width_501_42,exp1_vary_width,cifar10,cnn,1,16,0.0,42,230,690.0,pending
exp1_vary_width_502_42,exp1_vary_width,cifar10,cnn,1,16,0.25,42,230,690.0,pending
exp1_vary_width_503_42,exp1_vary_width,cifar10,cnn,1,16,0.25,42,230,690.0,pending
exp1_vary_width_504_42,exp1_vary_width,cifar10,cnn,1,16,0.5,42,230,690.0,pending
exp1_vary_width_505_42,exp1_vary_width,cifar10,cnn,1,16,0.5,42,230,690.0,pending
exp1_vary_width_506_42,exp1_vary_width,cifar10,cnn,1,16,0.75,42,230,690.0,pending
exp1_vary_width_507_42,exp1_vary_width,cifar10,cnn,1,16,0.75,42,230,690.0,pending
exp1_vary_width_508_42,exp1_vary_width,cifar10,cnn,1,16,1.0,42,230,690.0,pending
exp1_vary_width_509_42,exp1_vary_width,cifar10,cnn,1,16,1.0,42,230,690.0,pending
exp1_vary_width_50_42,exp1_vary_width,mnist,lr,4,4,0.0,42,3282,3282.0,pending
exp1_vary_width_510_42,exp1_vary_width,cifar10,cnn,1,64,0.0,42,806,2418.0,pending
exp1_vary_width_511_42,exp1_vary_width,cifar10,cnn,1,64,0.0,42,806,2418.0,pending
exp1_vary_width_512_42,exp1_vary_width,cifar10,cnn,1,64,0.25,42,806,2418.0,pending
exp1_vary_width_513_42,exp1_vary_width,cifar10,cnn,1,64,0.25,42,806,2418.0,pending
exp1_vary_width_514_42,exp1_vary_width,cifar10,cnn,1,64,0.5,42,806,2418.0,pending
exp1_vary_width_515_42,exp1_vary_width,cifar10,cnn,1,64,0.5,42,806,2418.0,pending
exp1_vary_width_516_42,exp1_vary_width,cifar10,cnn,1,64,0.75,42,806,2418.0,pending
exp1_vary_width_517_42,exp1_vary_width,cifar10,cnn,1,64,0.75,42,806,2418.0,pending
exp1_vary_width_518_42,exp1_vary_width,cifar10,cnn,1,64,1.0,42,806,2418.0,pending
exp1_vary_width_519_42,exp1_vary_width,cifar10,cnn,1,64,1.0,42,806,2418.0,pending
exp1_vary_width_51_42,exp1_vary_width,mnist,lr,4,4,0.0,42,3282,3282.0,pending
exp1_vary_width_520_42,exp1_vary_width,cifar10,cnn,4,1,0.0,42,41090,123270.0,pending
exp1_vary_width_521_42,exp1_vary_width,cifar10,cnn,4,1,0.0,42,41090,123270.0,pending
exp1_vary_width_522_42,exp1_vary_width,cifar10,cnn,4,1,0.25,42,41090,123270.0,pending
exp1_vary_width_523_42,exp1_vary_width,cifar10,cnn,4,1,0.25,42,41090,123270.0,pending
exp1_vary_width_524_42,exp1_vary_width,cifar10,cnn,4,1,0.5,42,41090,123270.0,pending
exp1_vary_width_525_42,exp1_vary_width,cifar10,cnn,4,1,0.5,42,41090,123270.0,pending
exp1_vary_width_526_42,exp1_vary_width,cifar10,cnn,4,1,0.75,42,41090,123270.0,pending
exp1_vary_width_527_42,exp1_vary_width,cifar10,cnn,4,1,0.75,42,41090,123270.0,pending
exp1_vary_width_528_42,exp1_vary_width,cifar10,cnn,4,1,1.0,42,41090,123270.0,pending
exp1_vary_width_529_42,exp1_vary_width,cifar10,cnn,4,1,1.0,42,41090,123270.0,pending
exp1_vary_width_52_42,exp1_vary_width,mnist,lr,4,4,0.25,42,3282,3282.0,pending
exp1_vary_width_530_42,exp1_vary_width,cifar10,cnn,4,4,0.0,42,3158,9474.0,pending
exp1_vary_width_531_42,exp1_vary_width,cifar10,cnn,4,4,0.0,42,3158,9474.0,pending
exp1_vary_width_532_42,exp1_vary_width,cifar10,cnn,4,4,0.25,42,3158,9474.0,pending
exp1_vary_width_533_42,exp1_vary_width,cifar10,cnn,4,4,0.25,42,3158,9474.0,pending
exp1_vary_width_534_42,exp1_vary_width,cifar10,cnn,4,4,0.5,42,3158,9474.0,pending
exp1_vary_width_535_42,exp1_vary_width,cifar10,cnn,4,4,0.5,42,3158,9474.0,pending
exp1_vary_width_536_42,exp1_vary_width,cifar10,cnn,4,4,0.75,42,3158,9474.0,pending
exp1_vary_width_537_42,exp1_vary_width,cifar10,cnn,4,4,0.75,42,3158,9474.0,pending
exp1_vary_width_538_42,exp1_vary_width,cifar10,cnn,4,4,1.0,42,3158,9474.0,pending
exp1_vary_width_539_42,exp1_vary_width,cifar10,cnn,4,4,1.0,42,3158,9474.0,pending
exp1_vary_width_53_42,exp1_vary_width,mnist,lr,4,4,0.25,42,3282,3282.0,pending
exp1_vary_width_540_42,exp1_vary_width,cifar10,cnn,4,16,0.0,42,2510,7530.0,pending
exp1_vary_width_541_42,exp1_vary_width,cifar10,cnn,4,16,0.0,42,2510,7530.0,pending
exp1_vary_width_542_42,exp1_vary_width,cifar10,cnn,4,16,0.25,42,2510,7530.0,pending
exp1_vary_width_543_42,exp1_vary_width,cifar10,cnn,4,16,0.25,42,2510,7530.0,pending
exp1_vary_width_544_42,exp1_vary_width,cifar10,cnn,4,16,0.5,42,2510,7530.0,pending
exp1_vary_width_545_42,exp1_vary_width,cifar10,cnn,4,16,0.5,42,2510,7530.0,pending
exp1_vary_width_546_42,exp1_vary_width,cifar10,cnn,4,16,0.75,42,2510,7530.0,pending
exp1_vary_width_547_42,exp1_vary_width,cifar10,cnn,4,16,0.75,42,2510,7530.0,pending
exp1_vary_width_548_42,exp1_vary_width,cifar10,cnn,4,16,1.0,42,2510,7530.0,pending
exp1_vary_width_549_42,exp1_vary_width,cifar10,cnn,4,16,1.0,42,2510,7530.0,pending
exp1_vary_width_54_42,exp1_vary_width,mnist,lr,4,4,0.5,42,3282,3282.0,pending
exp1_vary_width_550_42,exp1_vary_width,cifar10,cnn,4,64,0.0,42,9998,29994.0,pending
exp1_vary_width_551_42,exp1_vary_width,cifar10,cnn,4,64,0.0,42,9998,29994.0,pending
exp1_vary_width_552_42,exp1_vary_width,cifar10,cnn,4,64,0.25,42,9998,29994.0,pending
exp1_vary_width_553_42,exp1_vary_width,cifar10,cnn,4,64,0.25,42,9998,29994.0,pending
exp1_vary_width_554_42,exp1_vary_width,cifar10,cnn,4,64,0.5,42,9998,29994.0,pending
exp1_vary_width_555_42,exp1_vary_width,cifar10,cnn,4,64,0.5,42,9998,29994.0,pending
exp1_vary_width_556_42,exp1_vary_width,cifar10,cnn,4,64,0.75,42,9998,29994.0,pending
exp1_vary_width_557_42,exp1_vary_width,cifar10,cnn,4,64,0.75,42,9998,29994.0,pending
exp1_vary_width_558_42,exp1_vary_width,cifar10,cnn,4,64,1.0,42,9998,29994.0,pending
exp1_vary_width_559_42,exp1_vary_width,cifar10,cnn,4,64,1.0,42,9998,29994.0,pending
exp1_vary_width_55_42,exp1_vary_width,mnist,lr,4,4,0.5,42,3282,3282.0,pending
exp1_vary_width_560_42,exp1_vary_width,cifar10,cnn,16,1,0.0,42,164330,492990.0,pending
exp1_vary_width_561_42,exp1_vary_width,cifar10,cnn,16,1,0.0,42,164330,492990.0,pending
exp1_vary_width_562_42,exp1_vary_width,cifar10,cnn,16,1,0.25,42,164330,492990.0,pending
exp1_vary_width_563_42,exp1_vary_width,cifar10,cnn,16,1,0.25,42,164330,492990.0,pending
exp1_vary_width_564_42,exp1_vary_width,cifar10,cnn,16,1,0.5,42,164330,492990.0,pending
exp1_vary_width_565_42,exp1_vary_width,cifar10,cnn,16,1,0.5,42,164330,492990.0,pending
exp1_vary_width_566_42,exp1_vary_width,cifar10,cnn,16,1,0.75,42,164330,492990.0,pending
exp1_vary_width_567_42,exp1_vary_width,cifar10,cnn,16,1,0.75,42,164330,492990.0,pending
exp1_vary_width_568_42,exp1_vary_width,cifar10,cnn,16,1,1.0,42,164330,492990.0,pending
exp1_vary_width_569_42,exp1_vary_width,cifar10,cnn,16,1,1.0,42,164330,492990.0,pending
exp1_vary_width_56_42,exp1_vary_width,mnist,lr,4,4,0.75,42,3282,3282.0,pending
exp1_vary_width_570_42,exp1_vary_width,cifar10,cnn,16,4,0.0,42,17786,53358.0,pending
exp1_vary_width_571_42,exp1_vary_width,cifar10,cnn,16,4,0.0,42,17786,53358.0,pending
exp1_vary_width_572_42,exp1_vary_width,cifar10,cnn,16,4,0.25,42,17786,53358.0,pending
exp1_vary_width_573_42,exp1_vary_width,cifar10,cnn,16,4,0.25,42,17786,53358.0,pending
exp1_vary_width_574_42,exp1_vary_width,cifar10,cnn,16,4,0.5,42,17786,53358.0,pending
exp1_vary_width_575_42,exp1_vary_width,cifar10,cnn,16,4,0.5,42,17786,53358.0,pending
exp1_vary_width_576_42,exp1_vary_width,cifar10,cnn,16,4,0.75,42,17786,53358.0,pending
exp1_vary_width_577_42,exp1_vary_width,cifar10,cnn,16,4,0.75,42,17786,53358.0,pending
exp1_vary_width_578_42,exp1_vary_width,cifar10,cnn,16,4,1.0,42,17786,53358.0,pending
exp1_vary_width_579_42,exp1_vary_width,cifar10,cnn,16,4,1.0,42,17786,53358.0,pending
exp1_vary_width_57_42,exp1_vary_width,mnist,lr,4,4,0.75,42,3282,3282.0,pending
exp1_vary_width_580_42,exp1_vary_width,cifar10,cnn,16,16,0.0,42,35930,107790.0,pending
exp1_vary_width_581_42,exp1_vary_width,cifar10,cnn,16,16,0.0,42,35930,107790.0,pending
exp1_vary_width_582_42,exp1_vary_width,cifar10,cnn,16,16,0.25,42,35930,107790.0,pending
exp1_vary_width_583_42,exp1_vary_width,cifar10,cnn,16,16,0.25,42,35930,107790.0,pending
exp1_vary_width_584_42,exp1_vary_width,cifar10,cnn,16,16,0.5,42,35930,107790.0,pending
exp1_vary_width_585_42,exp1_vary_width,cifar10,cnn,16,16,0.5,42,35930,107790.0,pending
exp1_vary_width_586_42,exp1_vary_width,cifar10,cnn,16,16,0.75,42,35930,107790.0,pending
exp1_vary_width_587_42,exp1_vary_width,cifar10,cnn,16,16,0.75,42,35930,107790.0,pending
exp1_vary_width_588_42,exp1_vary_width,cifar10,cnn,16,16,1.0,42,35930,107790.0,pending
exp1_vary_width_589_42,exp1_vary_width,cifar10,cnn,16,16,1.0,42,35930,107790.0,pending
exp1_vary_width_58_42,exp1_vary_width,mnist,lr,4,4,1.0,42,3282,3282.0,pending
exp1_vary_width_590_42,exp1_vary_width,cifar10,cnn,16,64,0.0,42,148826,446478.0,pending
exp1_vary_width_591_42,exp1_vary_width,cifar10,cnn,16,64,0.0,42,148826,446478.0,pending
exp1_vary_width_592_42,exp1_vary_width,cifar10,cnn,16,64,0.25,42,148826,446478.0,pending
exp1_vary_width_593_42,exp1_vary_width,cifar10,cnn,16,64,0.25,42,148826,446478.0,pending
exp1_vary_width_594_42,exp1_vary_width,cifar10,cnn,16,64,0.5,42,148826,446478.0,pending
exp1_vary_width_595_42,exp1_vary_width,cifar10,cnn,16,64,0.5,42,148826,446478.0,pending
exp1_vary_width_596_42,exp1_vary_width,cifar10,cnn,16,64,0.75,42,148826,446478.0,pending
exp1_vary_width_597_42,exp1_vary_width,cifar10,cnn,16,64,0.75,42,148826,446478.0,pending
exp1_vary_width_598_42,exp1_vary_width,cifar10,cnn,16,64,1.0,42,148826,446478.0,pending
exp1_vary_width_599_42,exp1_vary_width,cifar10,cnn,16,64,1.0,42,148826,446478.0,pending
exp1_vary_width_59_42,exp1_vary_width,mnist,lr,4,4,1.0,42,3282,3282.0,pending
exp1_vary_width_5_42,exp1_vary_width,mnist,lr,1,1,0.5,42,807,807.0,pending
exp1_vary_width_600_42,exp1_vary_width,cifar10,cnn,64,1,0.0,42,657290,1971870.0,pending
exp1_vary_width_601_42,exp1_vary_width,cifar10,cnn,64,1,0.0,42,657290,1971870.0,pending
exp1_vary_width_602_42,exp1_vary_width,cifar10,cnn,64,1,0.25,42,657290,1971870.0,pending
exp1_vary_width_603_42,exp1_vary_width,cifar10,cnn,64,1,0.25,42,657290,1971870.0,pending
exp1_vary_width_604_42,exp1_vary_width,cifar10,cnn,64,1,0.5,42,657290,1971870.0,pending
exp1_vary_width_605_42,exp1_vary_width,cifar10,cnn,64,1,0.5,42,657290,1971870.0,pending
exp1_vary_width_606_42,exp1_vary_width,cifar10,cnn,64,1,0.75,42,657290,1971870.0,pending
exp1_vary_width_607_42,exp1_vary_width,cifar10,cnn,64,1,0.75,42,657290,1971870.0,pending
exp1_vary_width_608_42,exp1_vary_width,cifar10,cnn,64,1,1.0,42,657290,1971870.0,pending
exp1_vary_width_609_42,exp1_vary_width,cifar10,cnn,64,1,1.0,42,657290,1971870.0,pending
exp1_vary_width_60_42,exp1_vary_width,mnist,lr,4,16,0.0,42,3618,3618.0,pending
exp1_vary_width_610_42,exp1_vary_width,cifar10,cnn,64,4,0.0,42,154058,462174.0,pending
exp1_vary_width_611_42,exp1_vary_width,cifar10,cnn,64,4,0.0,42,154058,462174.0,pending
exp1_vary_width_612_42,exp1_vary_width,cifar10,cnn,64,4,0.25,42,154058,462174.0,pending
exp1_vary_width_613_42,exp1_vary_width,cifar10,cnn,64,4,0.25,42,154058,462174.0,pending
exp1_vary_width_614_42,exp1_vary_width,cifar10,cnn,64,4,0.5,42,154058,462174.0,pending
exp1_vary_width_615_42,exp1_vary_width,cifar10,cnn,64,4,0.5,42,154058,462174.0,pending
exp1_vary_width_616_42,exp1_vary_width,cifar10,cnn,64,4,0.75,42,154058,462174.0,pending
exp1_vary_width_617_42,exp1_vary_width,cifar10,cnn,64,4,0.75,42,154058,462174.0,pending
exp1_vary_width_618_42,exp1_vary_width,cifar10,cnn,64,4,1.0,42,154058,462174.0,pending
exp1_vary_width_619_42,exp1_vary_width,cifar10,cnn,64,4,1.0,42,154058,462174.0,pending
exp1_vary_width_61_42,exp1_vary_width,mnist,lr,4,16,0.0,42,3618,3618.0,pending
exp1_vary_width_620_42,exp1_vary_width,cifar10,cnn,64,16,0.0,42,558410,1675230.0,pending
exp1_vary_width_621_42,exp1_vary_width,cifar10,cnn,64,16,0.0,42,558410,1675230.0,pending
exp1_vary_width_622_42,exp1_vary_width,cifar10,cnn,64,16,0.25,42,558410,1675230.0,pending
exp1_vary_width_623_42,exp1_vary_width,cifar10,cnn,64,16,0.25,42,558410,1675230.0,pending
exp1_vary_width_624_42,exp1_vary_width,cifar10,cnn,64,16,0.5,42,558410,1675230.0,pending
exp1_vary_width_625_42,exp1_vary_width,cifar10,cnn,64,16,0.5,42,558410,1675230.0,pending
exp1_vary_width_626_42,exp1_vary_width,cifar10,cnn,64,16,0.75,42,558410,1675230.0,pending
exp1_vary_width_627_42,exp1_vary_width,cifar10,cnn,64,16,0.75,42,558410,1675230.0,pending
exp1_vary_width_628_42,exp1_vary_width,cifar10,cnn,64,16,1.0,42,558410,1675230.0,pending
exp1_vary_width_629_42,exp1_vary_width,cifar10,cnn,64,16,1.0,42,558410,1675230.0,pending
exp1_vary_width_62_42,exp1_vary_width,mnist,lr,4,16,0.25,42,3618,3618.0,pending
exp1_vary_width_630_42,exp1_vary_width,cifar10,cnn,64,64,0.0,42,2337098,7011294.0,pending
exp1_vary_width_631_42,exp1_vary_width,cifar10,cnn,64,64,0.0,42,2337098,7011294.0,pending
exp1_vary_width_632_42,exp1_vary_width,cifar10,cnn,64,64,0.25,42,2337098,7011294.0,pending
exp1_vary_width_633_42,exp1_vary_width,cifar10,cnn,64,64,0.25,42,2337098,7011294.0,pending
exp1_vary_width_634_42,exp1_vary_width,cifar10,cnn,64,64,0.5,42,2337098,7011294.0,pending
exp1_vary_width_635_42,exp1_vary_width,cifar10,cnn,64,64,0.5,42,2337098,7011294.0,pending
exp1_vary_width_636_42,exp1_vary_width,cifar10,cnn,64,64,0.75,42,2337098,7011294.0,pending
exp1_vary_width_637_42,exp1_vary_width,cifar10,cnn,64,64,0.75,42,2337098,7011294.0,pending
exp1_vary_width_638_42,exp1_vary_width,cifar10,cnn,64,64,1.0,42,2337098,7011294.0,pending
exp1_vary_width_639_42,exp1_vary_width,cifar10,cnn,64,64,1.0,42,2337098,7011294.0,pending
exp1_vary_width_63_42,exp1_vary_width,mnist,lr,4,16,0.25,42,3618,3618.0,pending
exp1_vary_width_64_42,exp1_vary_width,mnist,lr,4,16,0.5,42,3618,3618.0,pending
exp1_vary_width_65_42,exp1_vary_width,mnist,lr,4,16,0.5,42,3618,3618.0,pending
exp1_vary_width_66_42,exp1_vary_width,mnist,lr,4,16,0.75,42,3618,3618.0,pending
exp1_vary_width_67_42,exp1_vary_width,mnist,lr,4,16,0.75,42,3618,3618.0,pending
exp1_vary_width_68_42,exp1_vary_width,mnist,lr,4,16,1.0,42,3618,3618.0,pending
exp1_vary_width_69_42,exp1_vary_width,mnist,lr,4,16,1.0,42,3618,3618.0,pending
exp1_vary_width_6_42,exp1_vary_width,mnist,lr,1,1,0.75,42,807,807.0,pending
exp1_vary_width_70_42,exp1_vary_width,mnist,lr,4,64,0.0,42,4962,4962.0,pending
exp1_vary_width_71_42,exp1_vary_width,mnist,lr,4,64,0.0,42,4962,4962.0,pending
exp1_vary_width_72_42,exp1_vary_width,mnist,lr,4,64,0.25,42,4962,4962.0,pending
exp1_vary_width_73_42,exp1_vary_width,mnist,lr,4,64,0.25,42,4962,4962.0,pending
exp1_vary_width_74_42,exp1_vary_width,mnist,lr,4,64,0.5,42,4962,4962.0,pending
exp1_vary_width_75_42,exp1_vary_width,mnist,lr,4,64,0.5,42,4962,4962.0,pending
exp1_vary_width_76_42,exp1_vary_width,mnist,lr,4,64,0.75,42,4962,4962.0,pending
exp1_vary_width_77_42,exp1_vary_width,mnist,lr,4,64,0.75,42,4962,4962.0,pending
exp1_vary_width_78_42,exp1_vary_width,mnist,lr,4,64,1.0,42,4962,4962.0,pending
exp1_vary_width_79_42,exp1_vary_width,mnist,lr,4,64,1.0,42,4962,4962.0,pending
exp1_vary_width_7_42,exp1_vary_width,mnist,lr,1,1,0.75,42,807,807.0,pending
exp1_vary_width_80_42,exp1_vary_width,mnist,lr,16,1,0.0,42,12762,12762.0,pending
exp1_vary_width_81_42,exp1_vary_width,mnist,lr,16,1,0.0,42,12762,12762.0,pending
exp1_vary_width_82_42,exp1_vary_width,mnist,lr,16,1,0.25,42,12762,12762.0,pending
exp1_vary_width_83_42,exp1_vary_width,mnist,lr,16,1,0.25,42,12762,12762.0,pending
exp1_vary_width_84_42,exp1_vary_width,mnist,lr,16,1,0.5,42,12762,12762.0,pending
exp1_vary_width_85_42,exp1_vary_width,mnist,lr,16,1,0.5,42,12762,12762.0,pending
exp1_vary_width_86_42,exp1_vary_width,mnist,lr,16,1,0.75,42,12762,12762.0,pending
exp1_vary_width_87_42,exp1_vary_width,mnist,lr,16,1,0.75,42,12762,12762.0,pending
exp1_vary_width_88_42,exp1_vary_width,mnist,lr,16,1,1.0,42,12762,12762.0,pending
exp1_vary_width_89_42,exp1_vary_width,mnist,lr,16,1,1.0,42,12762,12762.0,pending
exp1_vary_width_8_42,exp1_vary_width,mnist,lr,1,1,1.0,42,807,807.0,pending
exp1_vary_width_90_42,exp1_vary_width,mnist,lr,16,4,0.0,42,13674,13674.0,pending
exp1_vary_width_91_42,exp1_vary_width,mnist,lr,16,4,0.0,42,13674,13674.0,pending
exp1_vary_width_92_42,exp1_vary_width,mnist,lr,16,4,0.25,42,13674,13674.0,pending
exp1_vary_width_93_42,exp1_vary_width,mnist,lr,16,4,0.25,42,13674,13674.0,pending
exp1_vary_width_94_42,exp1_vary_width,mnist,lr,16,4,0.5,42,13674,13674.0,pending
exp1_vary_width_95_42,exp1_vary_width,mnist,lr,16,4,0.5,42,13674,13674.0,pending
exp1_vary_width_96_42,exp1_vary_width,mnist,lr,16,4,0.75,42,13674,13674.0,pending
exp1_vary_width_97_42,exp1_vary_width,mnist,lr,16,4,0.75,42,13674,13674.0,pending
exp1_vary_width_98_42,exp1_vary_width,mnist,lr,16,4,1.0,42,13674,13674.0,pending
exp1_vary_width_99_42,exp1_vary_width,mnist,lr,16,4,1.0,42,13674,13674.0,pending
exp1_vary_width_9_42,exp1_vary_width,mnist,lr,1,1,1.0,42,807,807.0,pending
